"","value.var"
"gbp",0.0451742066785889
"LOC106606704",0.0444780310245237
"ptges",0.0439753467701298
"LOC106569472",-0.0437149030235282
"LOC106582113",-0.0432022688005072
"rps5",0.043183489595389
"rbp4",0.0430476525200429
"LOC106568731",0.0427381044704308
"LOC100196464",0.0424329615139849
"prr12b",-0.0423977170920807
"nfil3",0.0423789849333001
"LOC106583894",-0.0421080585273236
"LOC106607038",0.0419712243911195
"LOC100194725",0.0418021257937075
"LOC106600932",0.0417833660943747
"LOC106609542",0.0417386406851052
"LOC106588303",0.0417165419949643
"LOC106602563",0.0416331838806209
"LOC106583494",0.0416304027133142
"LOC123732474",0.0415966206761713
"LOC106607037",0.0415707137881898
"LOC106587148",-0.0415417857478788
"LOC106574971",0.0414162828695586
"rs3a",0.0412308343750586
"ccn1",0.041190122935226
"znf385a",-0.0411522434694213
"LOC106581959",0.0411438131994105
"LOC106575722",-0.0410920486912643
"cef10",0.0409692350364966
"LOC106590017",-0.0409621133360146
"fgl1",0.0408139142884942
"rpl7a",0.0407301552160422
"derl3",0.0406696562331547
"LOC106591788",0.0406391645727981
"LOC106600818",0.040625993235788
"LOC106610732",-0.040624675123106
"LOC106574883",-0.040549210993142
"LOC106572900",0.0403951480823964
"LOC106566014",0.0403889006821303
"LOC106600764",0.0403489891331251
"LOC106565539",0.040327173136836
"rl23",0.0402448113949131
"LOC106586796",0.04024088704164
"LOC106586344",-0.0402125321891997
"LOC106584198",0.0401108837385062
"LOC100286414",0.0400649607217848
"tfpi2",0.0400582612631238
"catk",0.0400183255733614
"LOC106608597",0.0399758477238719
"LOC106568945",0.0399026468217403
"LOC106576379",0.0398709873436611
"LOC106588920",-0.039855947980054
"LOC106607636",-0.0398025526402096
"LOC106573907",0.0397886313695692
"LOC106587813",0.0397496361726741
"eif3m",0.0396837598811641
"LOC106612713",-0.0396799095534716
"sp7",-0.0396566084768376
"btg2",0.0396208513500049
"junb",0.0396157019514328
"hp",0.0396053954873866
"LOC106591770",-0.0396040786570499
"LOC106569929",-0.0395166020389012
"LOC106571140",-0.0395053210253019
"LOC106566811",0.0394834971671519
"entpd5a",-0.0394764914915729
"LOC123743715",-0.0393947756389652
"LOC106588396",-0.0393202333201761
"rps9",0.0392535950123247
"LOC106592627",-0.0391263125754102
"rpl28",0.0391253560181918
"LOC106605814",-0.0390754743118566
"LOC106562787",0.0390427390966669
"LOC123727322",-0.0390142282148422
"LOC106573930",0.0390121752608709
"LOC123732968",0.038932745425128
"LOC106564566",0.0388684888734962
"LOC106612582",0.038849556003929
"LOC106568893",0.0388271440061351
"LOC106604089",-0.0388176692984299
"LOC106568066",0.0387348987447574
"LOC106573332",0.0387305953350029
"LOC106613608",0.0387252808947363
"col27a1a",-0.0387247929893877
"LOC106609058",0.0386888912412443
"LOC106581015",-0.0386295789563157
"LOC123724188",0.0385850532106052
"LOC106591784",-0.0385841011796469
"hba",0.0384903407620241
"LOC106570967",-0.0384640568753973
"LOC106568015",-0.03834938467661
"LOC106601034",0.0383098393662601
"LOC106571324",-0.038289288014893
"rpl13",0.0382821655776902
"LOC106607080",0.0382777447959672
"LOC106599563",0.0382374966240597
"LOC106608294",0.0382179150640024
"LOC106599970",0.0382134203236824
"LOC106591630",-0.038191411000415
"LOC106599501",0.0381714844168873
"LOC106585899",-0.0380639110311529
"LOC106569953",-0.038061838854902
"col10a1b",-0.0380169835946714
"LOC106568918",0.0380069063056342
"LOC100136446",0.0379813149983847
"loxl4",-0.0379533464908213
"LOC106564370",-0.0378797696758644
"LOC106572680",0.0377819691645401
"rl15",0.037781180771547
"tisb",0.0377682162143092
"cebpd",0.0377265375716887
"LOC106562606",0.037619558936809
"LOC106613630",0.0376153375778201
"LOC106566838",-0.0375972514331692
"LOC106572039",-0.0375610270389966
"LOC106588304",0.0375039520801489
"sdhaf2",0.0374792466687225
"LOC106570233",-0.0374253810965486
"cxcr4",0.0373397699713017
"LOC106573450",-0.037328353768746
"si:dkey-61l1.4",-0.0373093600601049
"LOC106570285",0.0372963148805169
"LOC106595728",-0.0372765360649277
"LOC106608419",-0.037261793463029
"LOC123743438",0.0372552815604321
"si:dkey-27i16.2",0.0371309870078911
"tagl2",0.0370294497858534
"si:busm1-57f23.1",0.0370065508348796
"LOC106600763",0.0369972706824067
"igf2bp3",-0.0369710181621465
"sox8a",-0.0369700251902616
"rhob",0.0369527561922995
"LOC106601778",0.0369457362516793
"LOC106570533",-0.0369385903616314
"LOC106561964",0.0369055918964251
"LOC106582371",-0.0368671744415953
"LOC100194561",0.0368630284098547
"LOC106580723",0.0368294493372345
"LOC106607252",0.0368068523473914
"LOC106581223",-0.0367734797817967
"LOC106561005",-0.0367649569645637
"cish",0.0367411882161516
"LOC106577634",0.0366859999660254
"tfa",0.0366410829077519
"rps21",0.0366159038340611
"LOC100194607",0.0366150377612567
"LOC106585076",-0.0365662657236407
"irf-1",0.0365336030191312
"LOC123724067",0.0365324963806452
"LOC106590611",-0.0364893766408856
"LOC106577851",0.0364864661065444
"LOC106582975",0.0364723051190945
"ch25h",0.0364439052430277
"LOC106589770",-0.036390609248668
"LOC106580567",0.0363700919957685
"LOC106585985",-0.0363054635893086
"LOC106590176",0.0362922295805828
"wnt5b",-0.0362919804147398
"LOC106611516",0.0362761924500975
"LOC106570647",0.0362295399706445
"LOC106586748",0.0362204187966332
"LOC106596048",0.0362177000004385
"i14k",0.0362119897564543
"LOC106594111",0.0361805019096932
"LOC106585940",0.0361380825636376
"LOC106586813",0.0361282417862025
"LOC106561895",-0.0361130755020797
"LOC106600318",0.0361056376796158
"LOC106572905",0.0360641742210146
"faub",0.0360393384066542
"LOC106560598",0.0360391645111874
"rla2",0.0360181376281356
"rps20",0.0359995419511605
"LOC123735055",0.0359927157978647
"ndufb2",0.0359716523312368
"LOC106581427",-0.0359190190235563
"LOC106609426",0.0358732685358461
"cox7a2l",0.0358704402944521
"LOC106565343",0.0357521057237183
"rpl27a",0.0357426846452924
"nocta",0.0357020116074996
"LOC106594314",-0.0356972187865826
"olfml3b",0.0356814458924458
"LOC106577897",0.0356255533908826
"LOC106563517",0.0355401803951503
"LOC106592979",-0.0355303454428961
"LOC106564822",0.0355207445915415
"sdc4",0.0355192932105377
"LOC106612712",-0.0355011553092962
"LOC100194650",0.0354896111692574
"LOC123727584",0.0354801030643895
"LOC106611504",0.0354510204692047
"tcpd",0.0354495728697779
"LOC106563557",0.0354149052172626
"ndufa7",0.0354128690864319
"LOC106585384",0.0353890543909046
"LOC106564958",0.0353834354128569
"LOC106607380",0.0353767135699156
"LOC106583234",-0.0353726199496225
"LOC123727947",0.0353719005873652
"LOC106564870",-0.0353539947060638
"LOC106587425",0.0353086573796521
"LOC106568024",-0.0352864085361184
"rl28",0.0352448250965945
"LOC106585178",0.0352162250113047
"LOC123740268",-0.0351992448033925
"LOC123730949",0.0351818631324153
"LOC123729692",0.0351648569123725
"txnip",0.0351591677692326
"LOC100136456",0.0351401313891699
"nupr1b",0.0351066816942699
"cxcl-c13b",0.0351039165113712
"ccl25b",0.0350995662586849
"LOC106564615",-0.0350936538504344
"LOC106577537",0.0350447150845412
"LOC106562224",0.0350196172072844
"LOC106611282",0.035010469875867
"dusp2",0.0349566942959302
"LOC106589424",-0.0349541742539379
"gpnmb",-0.0349426487361624
"g0s2",0.0349420491029776
"LOC106566689",0.0348726084825273
"LOC106570141",-0.0347290069805142
"LOC106605352",-0.034725768083983
"sat1a.2",0.034715672083573
"LOC106611562",0.0346980771177552
"LOC106564378",-0.0346880059585315
"med31",0.0346837853071858
"LOC100380652",0.0346745669965445
"LOC106574802",-0.0346444480686596
"LOC106571028",0.034641143610919
"LOC106601018",0.0346151326812267
"rpl38",0.0345315356302826
"il17d",0.0345243249624743
"LOC106588994",0.0344908930859259
"LOC106582663",-0.0344087024285398
"pkhf1",0.0343668920321224
"LOC106569924",-0.0343334120058717
"LOC106589133",0.0343280358842179
"LOC106575717",-0.0343218884985584
"LOC106570014",0.0342438206315288
"LOC106565443",0.0342196717333883
"LOC106600765",0.034210938037107
"cox14",0.0341631111862717
"rpl14",0.0341131464987311
"LOC106603500",0.0340784133133403
"LOC106567334",0.0340684406432537
"LOC123729363",0.0340444631139308
"LOC123725320",0.03397719362718
"LOC106595268",0.0339350091102297
"LOC106604229",0.0339188511667122
"anxa1",0.0338989140699512
"LOC106573607",0.0338446978036599
"LOC106565228",0.0337443117363569
"LOC106560972",0.0336672452343935
"LOC106583952",0.0336215407355608
"LOC106583145",-0.0335856224832606
"LOC106581516",-0.0335768162647112
"LOC106578982",0.0335611303954415
"LOC106604455",0.0335474896192762
"LOC106566201",0.0334546948628559
"LOC106606429",0.0333935733994294
"rplp1",0.0333831732143045
"LOC106600411",0.0333664211596133
"sema5a",-0.0333271852093148
"ubb",0.0332770461056558
"LOC106568957",0.0331902598169499
"LOC123725777",0.0331841939632334
"LOC106611425",-0.0331423230322175
"rs15a",0.0330874439283884
"LOC106565522",-0.0330487779700558
"LOC106580593",0.0329391210106842
"LOC106587490",0.0329093433675512
"LOC123729203",0.032898323961676
"LOC106603590",-0.0328716291806566
"LOC106569413",0.0328320494080209
"LOC106567887",-0.0328078792152372
"LOC106587112",-0.0327625146708344
"LOC106599020",0.032750361389861
"LOC106564242",-0.0327401449263107
"LOC106569329",-0.0327270436546112
"LOC106584765",-0.0327159096679246
"col10a1a",-0.0326874077856381
"LOC106576340",0.0326821575167778
"LOC123743132",0.0326260528834142
"LOC106612462",0.0325961622076263
"LOC106604444",0.0325859311813099
"LOC106605869",0.0325725237347207
"LOC106607337",0.0325284524433969
"LOC100380740",0.0325004645453367
"cebpb",0.0324366235655995
"tmem119a",-0.0324195992743411
"LOC106577236",-0.0323774819919602
"LOC106579398",0.0322573167237742
"LOC106578921",-0.0322053861465
"LOC106598520",0.0321732574762522
"LOC106590650",0.0321498263999474
"zhx3b",-0.0321124610165105
"LOC123726951",0.0320547328999821
"LOC106567192",-0.0320503208402439
"LOC106563133",-0.032034998180528
"LOC123725472",0.0320287456454187
"LOC106611720",0.0320276405691197
"LOC106580485",-0.0319061443205346
"fosl2",0.0318156500354981
"LOC106589915",0.0317370929753814
"LOC106568458",0.0317343901155302
"LOC106585833",0.0316621880818889
"LOC106560679",0.031642503310629
"LOC106594036",0.0316231163356617
"LOC106599031",0.031598434968992
"LOC106600595",0.0315838614448937
"LOC106573914",0.0315463098144151
"LOC106571081",-0.0314964424952885
"rl39",0.0314803124723212
"LOC106612186",-0.0314577666771183
"rbfox1",-0.0314338169237061
"LOC106586722",0.0314143658703839
"LOC123729550",0.0314064614636801
"ndufs6",0.0313651352456478
"LOC106590605",-0.0313327417609086
"LOC106606764",0.0313326019115403
"LOC106613023",-0.0313307716810159
"LOC106581904",0.0313059782688125
"LOC106608947",0.0313041937286747
"hce1",0.0313019301956598
"LOC106566399",-0.0312933029637101
"LOC106569090",0.0312735146855057
"LOC106592075",0.0312640266296987
"LOC123729362",0.0312326654851426
"LOC106565035",0.0312189630080485
"LOC106583326",0.0311918607459534
"LOC106572480",0.031186726311542
"LOC123729071",0.0310793080720804
"LOC106601915",0.0310650144340429
"ier2a",0.0310574331742909
"LOC106576384",0.0310247819856633
"LOC106574469",0.0309823440297722
"LOC106583106",-0.0309580198494072
"LOC106609548",0.0309469826873806
"LOC106600264",0.0308834772757182
"LOC106573651",-0.0308089600694746
"sap18",0.0307830111824008
"LOC123732688",-0.030757497004401
"LOC106560322",-0.0307192015005362
"LOC106612824",0.0307016628584613
"LOC106601356",0.0306836380195968
"ognb",0.0305784257083626
"ifitm5",-0.0305665179893922
"LOC106578235",0.0305162187409044
"angl4",0.0304710171289514
"LOC123730757",0.0304639545193191
"LOC123728241",0.0304542300970917
"LOC106597311",0.0304336953517649
"stea4",0.0303984908328574
"mstnb",0.0303839474378387
"LOC106592628",-0.030254924196174
"LOC123740016",0.0302503969847764
"tmsb1",0.0302400497054927
"LOC123730662",0.0302217646114453
"LOC123738348",-0.0301993040951077
"LOC106575576",0.0301908433923348
"LOC106584171",-0.0301609618715384
"cox6a1",0.030150177676372
"rn182",0.0301484712585072
"LOC123739894",0.0301480954125582
"LOC123724660",0.0301395624477516
"LOC123742593",0.0301114120864698
"ndua6",0.0300969181234956
"LOC106567831",0.0300159242148116
"LOC106593380",0.0299745569836571
"LOC106610188",0.0299483755182403
"LOC106601120",0.0299374983855999
"LOC106608295",0.0299297969060254
"LOC123728341",0.0299241212558595
"LOC106569310",0.0299203903018266
"LOC106563637",-0.0299196732835826
"LOC106577395",0.0299070780281442
"LOC123729615",0.0298894888246771
"ets2",0.0298607339005347
"LOC106609541",0.0298549077223332
"LOC106569513",0.0298310235710387
"LOC123733084",0.029757488469542
"LOC106578447",0.0297238604120293
"LOC100195750",0.0296166799123924
"LOC106596127",-0.0296077599764414
"LOC106582385",0.0295940147723844
"LOC106578637",0.0295746278073828
"LOC106613708",0.0295704943635655
"LOC123743889",0.0295700790500542
"LOC123732627",0.0295284153963695
"rtn1a",0.0295269315290037
"LOC123729361",0.0295264281244537
"LOC106594790",-0.0295243936571831
"LOC106586251",0.029513833377398
"slc18b1",0.0294900807936048
"LOC106581002",0.0294500086937954
"LOC106601675",0.0293936599516269
"LOC106592479",0.0293884309892623
"mrps28",0.0293807790387039
"co4a1",0.029378051638132
"LOC106602990",0.0293154944620049
"gem",0.0292845851909835
"LOC106599655",0.0292313475596595
"LOC106611914",0.0291872909392344
"LOC123725275",0.0291737001864306
"LOC106585766",0.0291369096639464
"LOC106570812",0.0291369082717856
"LOC123742644",0.0291090614345875
"LOC106595472",-0.029108614171804
"ntd5",0.029092104645155
"LOC106578378",0.0290737627024055
"LOC106589967",0.0290632358657978
"LOC106599203",0.0290397565152816
"LOC106602539",0.0290386141886641
"LOC123728856",0.029019790818171
"LOC106605843",0.0289733538876681
"LOC106567151",0.0289327742092966
"LOC106584368",0.0289229479574278
"LOC106604105",0.0289034091567803
"LOC106587211",0.0288936345431838
"LOC123725761",0.0287801829431899
"LOC106568858",0.0287584023473997
"LOC106611612",0.0287382943352201
"LOC123729737",0.0287348243375537
"LOC106598526",0.0287320601346935
"LOC106609157",-0.0287028503114207
"LOC106582652",-0.0286894356990842
"LOC106608205",0.0286546218595177
"LOC123742599",0.0286338270847754
"LOC106573602",0.028625575042935
"LOC106600490",-0.0286027852960116
"LOC106572532",0.0285883888869489
"LOC106611339",0.0285865952811003
"LOC106608077",-0.0285740706652646
"LOC106575147",0.0285512671846236
"LOC106572624",0.0284805865112694
"LOC123725292",0.0284773753366005
"rpl9",0.0284236044412085
"cytl1",0.0284143328475935
"atf3",0.0283908271489022
"LOC106600555",0.0283884487156203
"ga45g",0.0283141024150043
"LOC123725776",0.0283054681456266
"LOC106572073",0.0282776543805837
"LOC123739904",0.0282531112684001
"LOC100136409",0.0282500463741871
"LOC106603842",-0.0282042481706597
"LOC106592456",0.0281432389619935
"LOC106577200",0.0281304636317214
"LOC106583450",0.0281200675317531
"LOC106595339",0.0281159721706143
"LOC106606886",0.0280634302271237
"ndufc2",0.0280038586513726
"LOC106601291",0.0280014034278392
"csrnp1b",0.027998165018007
"LOC106606968",0.0279961558688155
"spcs3",0.0279891018636591
"otor",0.0279794076941518
"LOC106565451",-0.0279598904384069
"LOC123743587",0.0279521986506317
"LOC106585360",0.0278966189503424
"LOC106597797",-0.0278816542888904
"LOC106607236",0.0278539185900855
"LOC106574478",0.0278504605332691
"LOC106584318",0.0278479576867984
"LOC123743786",0.0278306959369808
"LOC106611321",-0.0278293995485655
"LOC106584667",0.0278208626865797
"nat16",-0.0278184317406063
"LOC123738718",0.027814902206566
"LOC106602292",-0.027802628888259
"LOC123724976",0.0277886683676366
"LOC123742598",0.0277764186398521
"LOC100329141",0.0277310089171967
"LOC106594615",0.0277288545996943
"si:ch211-106n13.3",-0.0277286349246375
"LOC123739255",-0.0276982701572068
"LOC106585744",-0.0276745561715409
"LOC123743259",0.0276709251586254
"LOC106590012",-0.0276549426225222
"LOC123725197",0.0276546750181098
"LOC123728350",0.0276352748064662
"LOC106604712",0.0275625636268237
"LOC106610015",-0.0274894735246015
"LOC123726920",0.0274878502946439
"LOC123725274",0.0274856864961293
"LOC106603640",-0.0274721067329876
"LOC106611915",0.0274425583901964
"LOC106613622",0.0274350112238598
"estd",0.0274097397267668
"LOC106574583",0.0274077003785698
"LOC106602046",0.0273764934224083
"usmg5",0.0273762230447863
"prrc1",-0.0273476628750069
"LOC106598420",-0.0273474608036314
"LOC106563424",0.0273389002962637
"LOC106598590",0.0273369105322709
"LOC106609751",0.0273238888667322
"LOC106579236",0.0273207887301014
"LOC123744316",0.0272831671896997
"atp5h",0.0272687303335159
"LOC106588813",0.0272654389895919
"LOC123724192",0.0272538820063092
"LOC106613327",-0.027193288613961
"LOC106570100",0.0271294260294506
"LOC123733259",-0.0271251984522186
"LOC106587204",0.0270732754264705
"LOC106562280",-0.0269920231112553
"LOC106609325",-0.0269786884067866
"LOC106603974",0.0269728913712783
"LOC123726787",0.0269584595149578
"LOC106588620",-0.0269158479191783
"LOC106561812",-0.0269143866331497
"pam16",0.0268726176863204
"LOC106569855",0.0268319410032119
"tcima",0.0267701175289151
"LOC106590075",-0.0267667931438258
"LOC106604788",-0.0267214560354737
"LOC106599011",0.0267171167471649
"LOC106580674",0.0266961516569596
"LOC106580778",0.0266310160386346
"nduab",0.0265665725781335
"cats",0.0265540739453704
"LOC100194600",-0.0265200942436512
"LOC123742622",0.0264603084068363
"LOC106602072",0.0264449222255473
"LOC106580141",-0.0264332952745391
"tppp3",-0.026323777094965
"LOC106601418",0.0263234128991335
"LOC106588749",-0.0262638686443315
"LOC106567541",-0.0262067902522587
"LOC106584712",-0.0261952354168589
"LOC123743588",0.0261489347318266
"LOC106581618",-0.0261197784905797
"LOC106564956",0.0261034682603176
"LOC106562333",0.0260682841991599
"LOC123727582",0.0260304205272234
"LOC106592726",0.0260296595569224
"LOC106570042",-0.0259668448692369
"ndufs4",0.025966323313466
"LOC123744634",0.0259476720603737
"LOC106603145",0.0259388207061018
"LOC106612490",0.0258971887327489
"LOC106608999",-0.0258931329144269
"ier2",0.0258757748731716
"LOC106612830",0.0258736552431058
"mt",0.025830220457724
"LOC106564356",0.025826463190424
"bgnb",-0.0257961029941301
"LOC106607943",-0.0257822836482993
"LOC123723655",0.0257801270839718
"LOC106582459",0.0257790693235204
"LOC106608345",-0.0257359988123675
"ccr9a",0.0257328583199224
"LOC106563787",0.0257315188216519
"LOC106570132",0.0257255420631498
"LOC106606878",0.0256611414493417
"LOC106586483",0.0256046484995217
"LOC123727929",0.025574777655665
"LOC106608460",-0.0255719476079098
"LOC106580929",0.0255297845162441
"LOC123727806",0.0255075658678331
"LOC106566598",0.0255022321773535
"ly6d",0.0254750430119476
"LOC106613255",-0.0254511708961598
"snrpe",0.0254429292938293
"sult6b1",0.0254230576294682
"LOC123729064",0.0254229436792099
"LOC106601351",0.0254194579659258
"LOC106582581",0.0254163162176273
"tacd2",0.025375390213919
"LOC106567101",0.0253310716500527
"LOC106570612",-0.0253242052704822
"LOC106583344",0.0253128369421192
"LOC106602224",-0.0252861116699255
"LOC106563565",0.0252204388232305
"LOC106571661",0.0251997033666925
"s38a3",-0.02519902855857
"LOC106578605",0.0251965152286243
"LOC123738967",0.0251609798839494
"LOC106611710",0.0251090346437431
"LOC123726783",0.0250971349332775
"LOC100196698",0.0250964174901208
"LOC123727588",0.0250901546076744
"LOC100195537",0.0250859839998831
"LOC106561484",-0.0250822663124928
"epor",0.0250456545787534
"LOC106564830",0.0249914657107248
"LOC106603096",0.0249551592946958
"pmm2",-0.0249342035924775
"LOC106562731",-0.0249206251390984
"LOC106577399",0.0248853514503184
"ndufc1",0.0248842196577672
"LOC106584779",0.0248807449993427
"LOC106564240",-0.0248428344586654
"LOC123726273",0.0248393307747074
"LOC106575940",0.0248240546146233
"LOC106585451",0.024822722605007
"LOC106561622",0.024748282392452
"LOC106587793",0.024728919798323
"LOC106572749",-0.0247238897384431
"LOC106579127",0.0246712225528886
"LOC106603475",0.0246458716224906
"ndka",0.0246288139820111
"LOC123728854",0.0246229489330196
"LOC106572604",-0.0246052797795311
"csf3r",0.0245021731298957
"LOC123743055",0.0244874398085355
"LOC106611361",-0.0244746298106161
"aamdc",0.0244669546538623
"LOC101448011",0.0244530072271253
"LOC106596819",0.0244442094605215
"thbs4a",0.0244355137797087
"LOC123727355",-0.024313531469854
"LOC106562827",0.024308959435361
"ctgf",0.0242773802332809
"LOC106571978",0.0242698504339681
"atp5if1b",0.0242594102893387
"LOC106569355",0.0242338830375777
"LOC106565406",0.0242201543333857
"LOC123726088",-0.0242155575336147
"LOC106602938",0.0242028498543429
"psenen",0.0241815882889286
"LOC123725218",0.0241546082233225
"LOC106574334",0.0241329956047298
"LOC106613694",0.0241137924244635
"msmb",0.0240844502453893
"hoxc9ab",0.0240829669614301
"hoxa9b",0.0240533783669525
"LOC106562114",0.0240515087363384
"LOC106599588",0.024051051001103
"LOC106608782",-0.0240481860799033
"LOC106609195",0.0240428402778782
"LOC106573482",0.0240329397158368
"LOC106603724",-0.024002890878164
"LOC106574336",0.0239973466499589
"LOC106607825",0.0239340798917468
"ndufb4",0.0238904906855957
"LOC106602906",0.0238770812390638
"LOC106561364",0.0238672526936355
"LOC106587275",0.0238212437180567
"LOC123729739",0.0238090261856917
"LOC106587992",0.0236920843076412
"LOC106569870",-0.0236760698125927
"LOC106587847",0.0236424101847175
"LOC106587688",-0.0236223575679905
"topaz1",-0.0236219695802519
"LOC106603063",0.0236037736806539
"LOC106576381",0.0235802767700785
"hadh",0.0235555821129932
"LOC106600850",0.0235300227435359
"LOC123727405",0.0235211774678449
"uqcc6",0.0235140830331645
"LOC106564359",0.0234841402504112
"cox7b",0.0234779312746713
"LOC123743586",0.0234750499377659
"LOC123743345",-0.0234553672774225
"LOC106562158",-0.0234499286012395
"LOC100136576",0.0234310789381333
"phb2",0.0234280418532539
"LOC106570329",0.0234257797382323
"LOC106569170",0.0234020678957809
"LOC123727427",0.023391874796781
"ndufa3",0.0233887810880677
"apmap",0.0233724755714417
"LOC106601077",0.0233723793199574
"LOC106564349",-0.0233609980495144
"LOC106610773",-0.0233418133160225
"LOC106565463",0.0233351538293386
"psa4",0.0232712918518059
"LOC123742627",0.0232622757678201
"LOC106577994",0.0232126197196816
"LOC106565855",0.0231732251544532
"ifm5",0.0231650725608469
"LOC106585535",0.0231085776355483
"tyrp-1b",0.0230986076563887
"LOC106588914",0.0230966104061582
"manf",-0.0230895448391194
"LOC106607607",0.0230735154122001
"kgd4",0.0230728296040767
"cd276",0.0230625356683282
"LOC106569998",0.0230572297666101
"f5",0.0230335330003175
"LOC123739890",0.0229964093230344
"LOC106588035",-0.0229388017512807
"etfa",0.0229168684564866
"LOC106596505",-0.0228726111926992
"LOC106574458",0.0228688952158833
"LOC106575680",0.0228687427214695
"LOC106605162",0.0228498219391847
"LOC106563592",0.0228156598238781
"LOC123729750",0.0227851095941993
"fadsd6",-0.0227813642816623
"LOC106584182",0.0227811552932267
"LOC106601071",0.0227525108808388
"LOC123727583",0.0227405659710995
"LOC106582666",0.0227306076074543
"fabp2",0.0226330710889389
"LOC106586207",-0.0226134381838166
"LOC106601076",0.0225888219102373
"LOC106600447",0.0225879928680466
"atp5pf",0.0225836014321025
"LOC106582249",0.0225725648597291
"ppdpfa",0.0225521732991956
"gdf-8",0.0225465093024843
"LOC106610200",-0.0225460107505763
"coq9",0.0224858353727648
"mmp9",0.0224626984244749
"alas2",0.0224405518932048
"LOC106594672",-0.022433819404493
"LOC123743896",0.0223862560631509
"LOC106572114",0.0223441787332886
"LOC106603058",0.0223400765675796
"LOC106576152",-0.0222825469416087
"reep1",0.0222611078062814
"LOC106573721",0.0222519849427012
"LOC123731734",0.0222516280715485
"LOC106569072",0.0222438394647755
"LOC106606596",-0.0222283838105649
"LOC106561046",0.022206695685831
"ckba",0.0221995341609
"jun",0.022190699637752
"LOC123726207",-0.0221373825782635
"LOC100196661",0.0221314861067264
"LOC106573873",0.0220926376998897
"plin1",0.0220776295081701
"LOC123739521",0.0219606727795669
"LOC106584496",0.0219165984273337
"LOC123726203",-0.021903394100674
"ppdpf",0.0218996691182521
"mat2aa",-0.0218658578603266
"c1qb",0.0218649329921047
"LOC106583559",0.0218495419837686
"LOC106565061",-0.0218443464512749
"si:ch73-206d17.1",0.0218391457419659
"adamts1",0.0218389062502848
"LOC106600492",0.0218207951700446
"LOC106566851",0.021803636817681
"si:ch211-194m7.8",0.0217884438321961
"LOC100196247",0.0217837035029771
"LOC123723718",0.0217363473845656
"LOC106612309",0.0217270997690806
"c7a",0.0217063601426571
"LOC123739523",0.0216996636991746
"LOC123732718",0.0216763893068556
"LOC106569572",-0.0216762183482715
"mrps22",0.021675738937894
"LOC106574348",0.0216598838879885
"LOC106606408",0.0216372248713258
"thy1",0.0216359633412354
"LOC106586664",0.0216358838873682
"LOC106613447",-0.0216357964372001
"spp1",-0.0216083510003911
"LOC106599708",0.0215851485382505
"LOC106602933",0.0215403714309984
"LOC106611749",0.0215341347070447
"LOC106586419",0.0215197951638712
"LOC106603201",-0.0214813615289296
"LOC106565880",-0.0214763165340131
"selenop",0.0214751031653676
"LOC106591377",0.0214560139615036
"LOC100136584",0.0214339209881693
"LOC106579029",-0.0214321879104024
"LOC106613579",0.0214071083521291
"mrpl9",0.0213988536361723
"LOC106596162",0.0213742888778232
"LOC106607099",0.0213428862868674
"LOC123724166",-0.0213412289834661
"LOC106606551",0.0213341161183009
"LOC106589511",-0.0213304150502275
"cyc1",0.0213295194314843
"LOC106607477",0.0213124097434311
"LOC106574722",0.021290262722698
"LOC106580140",0.0212590605722599
"LOC123729851",0.0212563225227055
"LOC106566109",0.0212526847522296
"LOC106579982",0.0212317008319373
"LOC106588217",0.021210406998451
"mag",0.0212003936997068
"LOC106612226",0.0211774173223384
"LOC106570063",0.0211688038281445
"LOC106566167",-0.0211184880227427
"LOC106562147",0.0210568183428254
"LOC106604762",0.0210448558334913
"LOC106607878",0.0210354890305229
"LOC106589117",0.0210226633229881
"LOC106592348",0.0210187351177248
"cidec",0.0209719261286674
"LOC106610705",0.0209181380079051
"LOC106573732",-0.0209115405964962
"LOC106571561",-0.0209055168689828
"LOC106597822",0.0208950524702151
"mmp13",0.020889768230662
"p5cr2",-0.0208714447053268
"LOC123731553",-0.0208322018213686
"LOC106602047",0.0208316993800263
"lctlb",0.0208219731062378
"LOC106609517",0.0207945676769252
"LOC106581812",-0.0207724421025823
"LOC106601551",-0.020708859020618
"LOC106606227",0.0206884740931362
"LOC106583814",-0.0206391431280969
"LOC106568384",0.0206325406167719
"LOC106608647",0.0206324474253793
"tgm5l",0.0205929145606459
"LOC106580760",0.0205747634105597
"LOC123743584",0.0205708904907506
"LOC106583604",0.020530947845554
"LOC106587101",0.0205208130347691
"LOC106565415",-0.0205188647812014
"elovl6l",0.0204963454990121
"fcl",0.020495401773045
"LOC106596185",0.0204743453688147
"LOC106583889",0.0204627886038444
"LOC106562664",0.020459671254222
"col2a1b",-0.0204504069082816
"wnt2ba",0.0204492360733457
"LOC106573648",0.0204072861018692
"LOC106560709",0.0203877649185982
"LOC106569415",0.0203684096476775
"LOC123732864",0.0203663859336783
"zgc:101540",0.0203632633287454
"LOC106576617",-0.0203611131529421
"vdac2",0.0203413689945552
"LOC106572500",0.0203176498231654
"LOC123729814",-0.0203094423088785
"golt1bb",-0.0202952771193533
"LOC106574371",0.0202502245129226
"LOC106599211",0.0202279111714764
"arg2",0.0202124034891604
"LOC106575850",0.0201795522803426
"LOC123741960",0.020179249696562
"LOC106562120",0.0201782346132379
"LOC106567494",0.0201765371587846
"LOC106584323",-0.0201376134710937
"LOC106572044",0.0201248509174034
"LOC106605922",-0.0201244600505844
"LOC123725775",0.0201150183286678
"LOC123725666",0.0201071719393914
"LOC123730988",0.020103423306914
"LOC106564957",0.0200911698899587
"LOC106565122",0.0200863876432477
"LOC106576117",0.0200661930407922
"LOC106606889",0.020053277244883
"LOC106572758",0.0200467770773262
"LOC106572712",-0.0200367277628372
"LOC106602291",-0.0200313101695394
"LOC123729671",0.0199998039305075
"LOC106582060",0.0199818043152571
"LOC123730900",-0.0199795245837146
"pdlim3a",0.0199755856440251
"s10a5",0.0199678780396262
"LOC123723685",-0.0199215073204796
"LOC106587291",0.0198965286609404
"LOC106571029",0.0198861924091169
"LOC106576267",0.0198721404009898
"LOC106610494",0.0198681244446561
"LOC106600830",0.0198562156314019
"LOC106582918",0.0198401027566298
"cc068",0.0198316094906966
"LOC106564908",0.019828827620223
"itb2",0.0198266893761798
"ndua4",0.0197965143815692
"LOC106585892",0.0197648863449403
"LOC106583903",-0.0197540696494568
"LOC106590151",0.0197289798436472
"LOC106612411",-0.0197186207302213
"LOC106577303",-0.0196926808773198
"LOC106580450",0.0196796634760677
"LOC123728186",-0.0196768607498413
"LOC123739324",0.0196561545958189
"gstt2",0.0196544364938235
"LOC106609488",-0.0196405901814789
"LOC123727379",0.0196158928738356
"LOC106600639",0.0196119437894043
"LOC106605402",-0.0195980775288966
"LOC106569173",0.0195911707817536
"LOC100136453",0.0195764914942166
"LOC123732592",-0.0195762268261423
"fhl1",0.0195756485866445
"spint2",0.0195657680554495
"LOC106585061",-0.0195497071354218
"zgc:86896",0.0195429621821736
"agr2",0.0194930256915553
"LOC106577688",-0.019481964053422
"LOC106561942",0.0194805551891249
"LOC106605448",0.0194655564839476
"LOC106570230",0.0194099315368721
"LOC106574032",0.0194061324479195
"LOC100194505",0.0193974061360486
"LOC106607251",0.0193915709075579
"ndub6",0.0193780945271424
"LOC106566027",0.0193481834338215
"lpp60",0.0193097824145677
"LOC106590792",-0.019275776846618
"LOC106592071",0.0192478996066707
"LOC106585589",0.0192351957285962
"atp5f1c",0.0192069530837451
"LOC123741587",0.0191915935226751
"LOC106584347",0.0191553203856989
"LOC106607367",0.0191103282001781
"spcs1",0.0191099779393176
"LOC100136430",-0.0190911836899299
"LOC106608496",0.0190862122734833
"LOC106579387",0.0190740801809995
"LOC106605425",0.0190594640216802
"zgc:153284",0.0190232352131747
"LOC123739783",0.0190174395152025
"ost4",0.0189993736870437
"LOC106596517",0.0189753454931434
"LOC106610644",0.0188889042767011
"LOC100306775",0.0188840647046909
"ndufa8",0.01885001769555
"LOC106597308",0.0188473406831616
"LOC100136390",-0.0188170377593843
"LOC106584405",-0.0188037458508156
"LOC123726923",0.0188006966113643
"cox7a1",0.0187950439466837
"acot13",0.0187782173290518
"LOC106560911",0.0187255850755314
"LOC123743131",0.0187045424801484
"pltp",0.0186459750377331
"gcat",0.0186406923123755
"g45ip",0.0186317783629031
"LOC106585164",-0.0186166192890203
"LOC100846953",0.0186006273819885
"LOC106568152",-0.0185852612386789
"timm8a",0.0185695075235577
"LOC123724179",0.0185288794787624
"LOC106588493",-0.0185246478943825
"tpi1b",0.0184949975783058
"LOC106612504",0.0184708573893603
"egr3",0.0184658832007875
"LOC106604511",0.0184526311827008
"auh",0.01844479564455
"LOC106573685",0.0184304248002042
"LOC106601074",0.0184163388198627
"LOC106612167",-0.0184083030321354
"LOC123729524",0.0183447624765972
"mbl2",0.018340573425957
"lingo3b",-0.0183348305950416
"LOC100194566",0.018333293789441
"LOC106585069",-0.0183147317304142
"LOC106579197",0.0182887461569262
"LOC106590113",0.0182799131849208
"LOC106561976",0.0182785587676727
"LOC106577008",-0.0182329012797777
"LOC123728348",0.0182259393431548
"agxt2",0.0181756309069538
"lman1",-0.0181673389058009
"LOC106560387",0.0181577679201501
"LOC106586941",0.0181466620602224
"LOC106606772",0.0181463475547356
"LOC106571441",0.0181321330893041
"LOC106570512",-0.0181182534211371
"LOC106577308",0.0181060631507616
"LOC106578255",0.0180883377123369
"LOC106606833",0.018077933175192
"LOC106605319",0.018068600897666
"LOC106580182",0.0180468534163765
"cxcl14",0.0180386884143765
"LOC106580767",0.0180298375960661
"LOC123743895",0.0180206914111181
"atp5mj",0.0180120987437433
"LOC106583516",0.0179745897432452
"LOC106587764",0.0179648078644395
"LOC123724185",0.0179034466905016
"LOC106610322",0.0178959011397068
"LOC106570598",0.0178815238250067
"LOC100136434",-0.0178624498857759
"LOC106577565",0.0178611131388626
"nduba",0.0178431024078067
"LOC106564610",0.0178366420764446
"LOC106564677",-0.0178313570508333
"LOC123723793",-0.0178133053140813
"mb",0.0178098959887339
"tmem269",0.0178010911555764
"hsd17b10",0.0177926765021638
"LOC106576762",0.0177358704975102
"susd1",0.0177222368973386
"LOC106578457",0.0177200568551481
"LOC106573159",0.0177192738668888
"ppib",0.0176917645425445
"LOC100194707",0.0176907114997941
"cbpa1",0.0176894993392968
"echs1",0.0176890952858011
"fkbp14",-0.0176883159678416
"LOC106607311",0.0176662527980698
"LOC100194687",0.0176588878850447
"LOC106585056",0.0176343706658738
"LOC106609477",0.0176157970133481
"LOC106606634",0.0176013064773332
"mmp30",0.0175960270167726
"LOC106561137",0.017592515381429
"LOC106569802",0.0175917909126479
"LOC100194546",0.0175808021524159
"glrx5",0.0175673489237006
"LOC106600960",0.017564746094023
"LOC123733179",0.0175578245563769
"LOC123725499",0.0175351269941771
"LOC106589723",0.0175272769703759
"LOC106583199",-0.0175258203583986
"grxcr1b",-0.0175062145139634
"hsp11",0.0175022744639036
"chac1",0.0174992472139724
"LOC106572541",-0.0174932440480733
"lim2.1",0.0174885077294833
"LOC106597139",0.0174868894977222
"LOC106610339",0.0174528717340672
"ca9",0.0174292476646251
"LOC106597983",0.017429195827107
"LOC106607492",0.0174287341887578
"LOC100194723",0.0174191742329566
"LOC123729204",0.017408616074219
"LOC106605032",0.0174071023817605
"LOC123743162",0.0173821100962672
"LOC123725144",0.017371845053928
"pnpla2",0.0173683846461938
"LOC123739282",0.0173565686757078
"LOC106573610",0.0173289825446595
"LOC106601794",0.0173113442861282
"LOC106570296",-0.0172730271868194
"LOC106591291",0.0172689917900078
"LOC123742377",0.0172617569255334
"cssa10h11orf96",0.017220590009291
"atp5g2",0.0172197376379352
"pmela",0.0172131909636145
"LOC123742594",0.0172054983670968
"LOC106604295",-0.0171990809596315
"LOC106588874",0.0171969615777873
"si:ch211-28p3.4",0.017178729936508
"crld2",0.0171765623813979
"LOC106601072",0.0171701924109673
"LOC106587635",0.0171566078654304
"fosl1a",0.0171531895986298
"LOC106588463",0.0171514128933952
"LOC123723754",0.0171327423547059
"LOC106613780",0.0171120893151411
"LOC106586572",0.0170892633946457
"LOC123724191",0.0170717707691386
"ramp1",0.0170714272212676
"LOC106601603",0.0170545047064671
"m4a4a",0.0170066664043801
"LOC106588679",-0.0170050563653899
"LOC106613763",0.0170037576743506
"LOC106604846",0.0170007529422209
"LOC106601078",0.0169840702302083
"LOC106578758",0.0169697292528655
"LOC123729813",-0.016964851871039
"pecr",0.0169621438568995
"LOC106594092",0.0169559853726813
"LOC106586171",0.016952714714354
"LOC106596057",0.0169486542527582
"LOC106597727",0.0169450948475696
"LOC106592313",-0.0169189549546462
"cd74a",0.0169126419733145
"LOC106583044",-0.0168916991216918
"LOC123728982",0.0168888251753282
"LOC106609938",0.0168759598310447
"LOC106604379",0.0168669560814565
"lyz",0.0168604586355654
"LOC100194520",0.0168592900701808
"fxyd6l",0.0168494918305344
"LOC106580396",0.0167926954861825
"LOC100136916",-0.0167817583362516
"LOC106590033",0.0167729807204756
"mpz",-0.0167606437665747
"ccl27a",0.0167320996521879
"LOC106600502",0.0167069063555396
"LOC100194622",0.0166897811726689
"LOC100194641",0.0166886553180075
"LOC100196652",-0.0166846116679749
"LOC106600564",0.0166647189629124
"LOC106611869",0.0166621325419051
"LOC106562582",-0.0166603972280652
"LOC106577392",-0.0166347898356474
"smg1",-0.0166311689890656
"LOC106586630",0.0166271232857011
"LOC106598867",0.0166168077602222
"LOC106582974",0.0165827730122339
"LOC106571698",0.0165774919099935
"LOC106568174",-0.0165623749789492
"LOC106609370",-0.0165611065842842
"LOC123739937",0.0165396675703538
"LOC106564162",-0.0165393589679413
"LOC106571382",0.0165262454573665
"LOC123739915",0.0165223355929024
"LOC106589313",0.0164909174096741
"LOC106584709",0.0164764060679757
"LOC106572420",0.0164555840095338
"LOC106608308",-0.0164404279668345
"LOC100194672",0.0164374995087089
"LOC106572113",0.0164217706773899
"LOC106588402",0.0164195046221484
"plcd",0.0163883463980219
"LOC123725487",-0.0163836532114099
"LOC106571899",0.016360068075871
"mrps6",0.0163554768637981
"LOC123724775",0.0163479086862748
"LOC106587663",-0.0163424337452401
"LOC106611717",-0.0163271400626416
"LOC106605015",0.0163261984589875
"LOC106590615",0.016308718768854
"LOC106583612",0.0163019488170012
"ech1",0.0162926229669748
"LOC106602737",-0.0162824957617333
"LOC106565647",0.0162736695141321
"LOC106588725",0.0162617096621521
"LOC106606432",0.016245742318726
"LOC123726946",0.0162392816963627
"LOC106571025",-0.0162286031976347
"tmem14ca",0.0162200931175196
"LOC106581915",0.0162163819922356
"dag1",-0.0162124428703818
"LOC106603143",-0.0162112989516454
"actc1a",0.0162022582447027
"LOC106560654",0.0161880146794412
"LOC106578802",0.0161812128091386
"ndub7",0.0161553470127649
"LOC106612247",-0.0161501155771762
"c6.2",0.0161408177236053
"LOC106601585",-0.016137563760603
"chchd6b",0.0161322956812135
"LOC106584548",0.0161277394660564
"LOC106604605",0.0161131465830174
"atp5f1d",0.0160976964167212
"LOC123726947",0.0160866636438125
"LOC106597325",0.0160863158272066
"leg4",-0.0160861732470278
"LOC106571102",-0.0160478512209397
"LOC106585180",-0.0160398074258626
"LOC106570047",0.0160124597944726
"LOC106570815",0.0160057766683069
"LOC106600407",0.0159946037019233
"tmem70",0.0159886015460065
"LOC106608998",-0.0159845632447794
"LOC106560347",0.0159819173571709
"LOC106571077",-0.015962531329935
"ankrd9",0.0159285375807306
"gadl1",0.0159165534840017
"LOC106588205",-0.0159135753618738
"agmat",0.015899500508602
"nfu1",0.015866222830155
"LOC106613757",0.0158562806891656
"ugpa",0.0158513392867808
"LOC106576332",0.0158433719475812
"LOC123733104",0.0158209197636952
"LOC106577091",0.0158170301299558
"LOC106591213",-0.0158053393585913
"LOC100196333",0.0158000863212347
"LOC106563523",0.0157783379737749
"LOC106581195",-0.0157610796113731
"LOC106564961",0.015723763744286
"LOC106611743",-0.0157203856878081
"igfn1.4",-0.0157112554994449
"LOC123728174",0.0157009206731285
"tfb2m",0.0156986960311403
"p3ip1",0.0156765393045779
"LOC106589518",-0.015673411771527
"LOC106587668",-0.0156499894992235
"LOC106598511",0.0156374295725675
"LOC106606838",-0.0156289246996502
"LOC106610672",0.0156146721488306
"LOC106601989",0.0156143190130597
"lrp2b",0.0155846947494437
"LOC106582879",0.015584430773395
"LOC106607460",0.0155819876830115
"LOC106591659",0.0155505363129517
"dgat1a",0.0155467791473342
"LOC106569153",0.0155332618553634
"LOC106569991",0.0155286627848924
"LOC106605369",0.0155245763856339
"LOC106574818",-0.0155079977988716
"LOC106569695",0.0154876488237307
"LOC106587441",0.0154471843431876
"LOC106589878",0.0154296609847557
"top2a",-0.0154229402794368
"ndufs2",0.0154176631947072
"LOC106604726",-0.0154113245186262
"si:ch211-251b21.1",0.0153906367836157
"LOC106561021",0.0153783420275942
"LOC106587304",0.0153759818872413
"LOC106583192",-0.0153723845352661
"LOC100195226",0.0153689012595077
"tmc2a",-0.015322175758307
"LOC106613551",0.0153081446306834
"LOC106584654",-0.0152763961626834
"ier3",0.0152705317141815
"pink1",0.0152656570793752
"LOC123743617",0.0152472523171195
"LOC106590267",0.0152133870035363
"LOC123743459",0.0151932637237275
"LOC106589861",0.0151919133813307
"LOC106598666",0.0151821325906026
"LOC106587407",0.0151757880664437
"hspb7",0.0151680662608382
"LOC106592589",0.0151630336498793
"LOC106607861",0.0151497850430097
"LOC106570062",0.0151439169265871
"LOC106576113",0.0151143416440669
"LOC123743783",0.0150976452430349
"LOC106582630",0.015091164280997
"LOC106575419",0.0150868568723385
"myo5b",-0.015061481641015
"LOC106577010",0.0150374500146601
"LOC100137092",0.015030166747102
"si:ch1073-398f15.1",-0.0150224820871103
"LOC106581722",0.0150146259868764
"LOC106613733",0.0149997401168997
"LOC106604296",-0.014997874157373
"LOC106590239",0.0149942768973228
"LOC123743528",0.0149790831704118
"nr2f6b",0.0149668790406338
"LOC106567405",0.0149649072388982
"LOC106604721",0.0149590149459095
"LOC106603858",0.014958754627239
"LOC106613726",0.0149584257321784
"LOC123727296",-0.0149535076158438
"LOC106596912",0.014948738374065
"LOC106611916",-0.0149445366993937
"LOC106564110",0.0149265370837946
"LOC106585707",0.0149203791262156
"LOC106566606",0.0149190822872929
"pipox",0.0149173171440847
"gatd3",0.0149169556009654
"etfdh",0.0149163016890488
"LOC123727955",0.0149014693873402
"LOC106598901",-0.0148662941603275
"LOC106602013",-0.0148537418823302
"c1qa",0.014843327797352
"LOC123724424",0.0148332040266174
"atp5l",0.0148248681260995
"cpt2",0.0147949483668926
"LOC106605695",-0.0147807125225213
"LOC106587535",-0.0147676935813813
"LOC123735857",0.0147518512022796
"zgc:85777",0.0147273171310012
"higd1a",0.0147126867578995
"sdhdb",0.0147058496875673
"trim63b",0.0147050935454097
"LOC106610032",0.0147002975043831
"LOC106612464",0.0146952568908004
"LOC106606750",-0.014685986670365
"LOC106612333",0.0146694038575496
"LOC106569065",0.0146604327926116
"LOC106592691",-0.0146493179645108
"LOC106576202",0.0146384418522002
"atp5a1",0.0146372990934481
"LOC106612124",-0.0146363143599318
"LOC106583101",-0.0145959969873962
"LOC100196673",0.0145953162136971
"LOC106593843",-0.0145883464680219
"LOC106601073",0.0145853819125593
"LOC100194724",0.0145746056118981
"LOC106594692",0.0145630566077038
"LOC106605538",-0.0145567788204881
"LOC106583105",-0.0145557447711652
"LOC123727581",-0.0145496191616264
"hoxc10ba",0.0145362802778966
"LOC106595603",0.0145311113999931
"LOC123727585",0.0145196185776621
"LOC106571950",0.0145111699767216
"LOC106597302",0.014509710195642
"LOC106608595",0.0145065224517552
"LOC123727190",0.0144648564606372
"cox16",0.0144526231939588
"LOC106573192",0.0144454019432614
"LOC106589794",0.0144360477227075
"LOC106562156",0.014414879779293
"LOC123739323",0.014404832783964
"LOC106604645",0.0143984920831992
"LOC123726732",0.0143942314945215
"LOC106613695",0.0143816256633368
"LOC123733115",0.0143711345794627
"acat1",0.014367964802162
"LOC106561396",0.0143601423291591
"thap4",0.0143508923169189
"LOC106566834",0.014303562515437
"LOC106569955",0.0142529609111563
"LOC106567286",0.0142362393403722
"LOC106601876",0.0142316245583058
"ecsit",0.0142268135690633
"LOC106604727",0.0142246369689408
"LOC106598795",-0.0142047177242216
"LOC100196537",0.0142007663089577
"LOC100194640",0.014175342526947
"LOC106602935",0.0141604771711662
"tgm2a",0.014152476311416
"ef1a",0.0141490062771082
"LOC106601642",0.0141200158003929
"LOC106565244",-0.014111526543777
"LOC123730787",-0.0141018912223727
"LOC106599103",0.0140951846374127
"LOC123733099",0.0140869867026512
"LOC106574168",-0.0140755676269743
"LOC106571943",-0.0140693778458808
"ldhb",0.0140491872452555
"myod2",0.0140473476489601
"LOC123731986",0.0140353613726154
"LOC106583478",0.0140260467632531
"LOC123739093",0.0140233550966262
"atp5f1e",0.0140096245750883
"LOC106568017",-0.0139946641025652
"epgn",0.0139911138213077
"LOC106573917",0.0139805356406777
"LOC106585035",0.0139789417473012
"LOC106589821",0.0139641619189668
"LOC106577418",0.0139624741200971
"LOC106561182",-0.0139565633844639
"LOC106575257",0.0139355174316714
"LOC106583349",-0.0139189657058968
"LOC106576496",-0.0139181018985649
"ank2b",-0.013911741533847
"LOC106585349",0.01389935842628
"LOC106584756",-0.0138876669643625
"g12",0.0138650486968307
"grna",0.0138417387389663
"LOC100196684",0.0138367310343943
"LOC106578012",0.0138260999844421
"LOC100195685",0.0138214899421658
"LOC106565475",-0.0138176239734318
"LOC123738968",-0.013811706884472
"LOC106565577",0.0138088932792606
"LOC106563558",0.0138004460399567
"LOC106580948",0.0137990484211314
"LOC106607109",0.0137865292077747
"LOC106566373",0.0137792749024142
"LOC106585937",-0.013773344686997
"LOC106575063",-0.0137642968186097
"LOC106603250",0.0137395570002694
"dnph1",-0.0137352958499746
"LOC106590208",-0.0137145451415484
"LOC100136486",-0.0137109806021784
"LOC123732494",0.0137063352882413
"LOC123725413",0.0136940127048241
"vldlr",0.0136886535616533
"LOC106591278",0.0136831036942433
"LOC106579610",-0.0136567905985591
"LOC106583798",0.0136545329132554
"LOC106605667",0.0136467774586159
"sh3tc2",-0.0136255978350049
"LOC106576067",0.0136162108023732
"LOC106583705",0.0136005594703082
"LOC106568324",-0.0135811844959907
"acaca",-0.0135730420645176
"LOC106599435",0.013554333043974
"LOC106571104",0.013545485648748
"LOC123730958",0.0135254074776337
"leg",-0.0135226363170158
"LOC106607464",0.0135156262993876
"mpeg1.1",0.0134990247714541
"LOC106591112",-0.0134969266430591
"LOC123729642",0.0134945741422755
"nduac",0.0134941459076007
"LOC106587778",0.0134888934149014
"LOC106570297",-0.0134708126962054
"LOC106603540",0.0134687614976838
"klf15",-0.0134678791590759
"soul2",0.0134677729886641
"LOC100196494",0.0134345975473828
"LOC100380751",0.0134303249790608
"znf106a",-0.0134175824293431
"c1qtnf1",-0.0133979378655249
"LOC106611001",-0.0133896695868576
"LOC106571740",0.0133863105127137
"LOC123723740",0.0133643549394059
"LOC100195966",0.0133433599384487
"LOC106571434",0.0133372218000579
"tssp",0.0133281799228993
"slc6a1b",0.0133227679903694
"ntmt2",-0.0132948483559975
"LOC106607309",0.0132879991541747
"LOC106610809",0.0132857566171458
"LOC106576754",0.0132854609749889
"LOC106594559",0.013277506063844
"LOC106584645",-0.013265608308156
"LOC106612456",0.0132580138348129
"LOC106577779",0.0132491508324917
"LOC106607153",0.0132456982299789
"LOC106584069",0.0132274106845223
"LOC106588377",0.0132127264564041
"LOC106609348",-0.0132126753658672
"msrb3",-0.0131797946339204
"asb14b",0.0131710345783486
"phka1a",0.0131655795203473
"LOC106588431",0.0131653022586084
"LOC106562243",-0.0131646850105311
"LOC106562888",-0.0131587563429096
"LOC106574896",0.0130990808561411
"ecrg4a",0.0130983861160489
"LOC106566416",0.0130868207450686
"dhrs4",0.0130807254324183
"dad1",0.0130695025397526
"sod2",0.0130686599563732
"klhl30",0.0130561369888584
"LOC106583223",-0.0130313386380127
"gata1",0.0130259088156085
"LOC106604241",0.0130253461815769
"LOC106561261",-0.0130247767440223
"LOC106602674",0.0130231191126821
"rnf207b",0.0130188952871869
"LOC106574437",0.0129814502908687
"fbp2",0.0129477152439644
"mccc2",0.0129359770028527
"atp5f1",0.0129337135773385
"LOC106574838",0.0129322357409678
"LOC106592004",0.0129302050063688
"LOC123729050",0.0129265782483017
"LOC106581263",-0.0129260265364264
"uts2r",0.0129244721348044
"LOC106594602",0.012923653694795
"cd3e",0.0129183326028689
"LOC106605159",0.0128989250269518
"nme1",0.0128860168260588
"kcp2",0.0128795562021479
"LOC106579033",0.0128590734461795
"LOC123724373",0.012828486830051
"fkbp5",0.0128237076475559
"tp53inp2b",-0.012817262176529
"gprc5ba",-0.0127918099390766
"LOC106574479",0.0127845366138004
"LOC106582934",-0.012779207128429
"LOC106568560",0.0127597800073708
"rd23b_1",-0.0127581051489975
"fxr2",-0.012723777102449
"LOC106610457",0.0127180900284945
"prvb",-0.0127130473222152
"LOC100194559",-0.0126980817775697
"LOC123732677",0.0126930528579821
"aqp3b",-0.0126735483067161
"gbe1a",0.0126703141677361
"LOC106573095",0.0126698656035968
"LOC106606856",0.0126671091078151
"LOC106590330",0.0126660095699548
"LOC106579339",0.0126405225994784
"zgc:110843",0.0126395119493874
"LOC106566713",0.0126301981766695
"LOC106608508",0.0126226797214568
"LOC106596554",0.0125768012013281
"LOC106575246",0.0125762527211964
"LOC106593309",-0.012569862891511
"LOC106595512",-0.0125651410687182
"LOC106590030",0.0125543291848667
"LOC106567375",-0.0125158939783396
"LOC106582512",0.012493130517616
"LOC106573483",-0.0124859314749821
"LOC106609244",0.012478291861066
"slc6a6",0.0124713733097819
"LOC106586746",0.0124652163404808
"LOC123728162",0.0124303436019412
"LOC106601655",0.0123775561398369
"LOC106590083",0.012375563942949
"klhl40a",0.0123755404061452
"mustn1b",0.0123616638424911
"LOC106572215",0.0123592190686072
"amacr",0.0123577489892428
"LOC106599739",0.0123551936746924
"LOC106611642",-0.0123428487683258
"neurl2",0.0123368259750833
"bpifcl",0.0123357551983082
"LOC123731704",0.0123191971898332
"txndc5",-0.0123074789142258
"LOC123723657",0.0122952074843896
"myoz2b",0.0122908155090667
"LOC106574550",0.0122567786045642
"LOC106594980",0.0122524028488372
"LOC106571951",0.0122494757075787
"LOC106583102",-0.0121786798304145
"LOC106589344",0.0121739412666009
"LOC106569629",0.0121731145849364
"LOC106601752",-0.0121570571844443
"rs29",-0.0121353901471656
"LOC106599321",-0.0121201807311283
"LOC106608552",0.0121152565346003
"LOC106605232",0.0120903630137074
"acadm",0.0120800328619337
"LOC106590554",0.0120791515345067
"LOC106575601",-0.012077710369
"myod1c",0.0120481946838093
"LOC106586209",0.0120390643951152
"LOC123730553",0.0120359590150725
"LOC106565806",0.0120248566741357
"LOC106611730",0.0119905591976069
"LOC106563267",0.0119569332323505
"LOC106606790",0.011937887216641
"LOC106582434",0.0119253061885653
"LOC106608338",-0.0119228684894938
"LOC106563358",0.011875798733671
"fkb1b",-0.0118742877478433
"hsdl2",0.0118720796569562
"asb10",0.0118666777840104
"LOC106570077",-0.0118336791739005
"LOC106600326",-0.0118312406280606
"LOC106601897",-0.0118299536479323
"LOC106566111",0.0118164035015783
"LOC106582715",0.0118041621284425
"actc2",0.0117982915306367
"asb4",0.0117936534720405
"LOC106584521",-0.0117817076088981
"LOC106580917",0.0117687727363021
"si:dkey-22f5.9",0.0117577814657158
"LOC106563467",0.0117524677538796
"LOC106610051",-0.0117418398196695
"LOC123729646",0.011720733701203
"ndufb5",0.0117191364781699
"LOC106568146",0.011710884321879
"mrps10",0.0116929853047301
"LOC106596437",0.0116914292640942
"acte1",0.0116734161175625
"LOC106578950",0.0116346786165005
"LOC106568026",0.0116157734876321
"LOC106573352",0.0116157628943425
"LOC106588478",0.0116076539801212
"LOC123727956",0.0116067008767973
"acad9",0.011606539645731
"LOC106612511",-0.011602352126424
"scn5lab",0.011590515045609
"uqcr11",0.0115867812374937
"si:ch211-175m2.5",0.0115773727504865
"LOC106606898",0.0115706612419573
"mrpl39",0.0115673166402199
"LOC123739118",0.0115662587217717
"LOC106569408",0.0115651615808928
"LOC106604326",0.0115055703571331
"LOC106565813",-0.0114960266921229
"tecrl2a",0.011489756008952
"LOC100196664",-0.011487303996769
"LOC106571596",-0.0114815654506857
"dacha",-0.0114799115045849
"LOC106584155",0.011476513363572
"mlrb",0.0114701955143996
"plpp7a",0.0114500851776124
"LOC106604863",-0.0114426510603917
"LOC106580506",0.0114255870434934
"LOC106564960",0.0114026058613609
"LOC106582736",0.0113998593529991
"LOC123729251",-0.0113906592894357
"LOC106613072",-0.0113870248214903
"LOC106564789",-0.0113823618092168
"ivd",0.011372026896712
"LOC106589988",0.0113694531469522
"lama2",0.0113658283582199
"LOC106598843",-0.0113635779314499
"LOC106576319",0.0113542551264346
"clic5a",0.0113528900536243
"LOC106588711",0.0113460421520816
"LOC106567094",0.0113444370044602
"LOC106583351",0.0112966882415663
"idh2",0.0112895759959011
"LOC106591181",0.0112780307270649
"LOC106586278",0.0112757073263796
"LOC106612156",-0.0112417384497727
"LOC106580961",0.0112305327765298
"LOC106603347",0.0112271311893125
"LOC106601724",0.0112130404073617
"uqcrc2b",0.0112005381196959
"LOC106572792",0.0111971529201563
"LOC106573601",0.0111939308901221
"LOC106603271",-0.0111452731757042
"aidb",0.0111352436581528
"LOC106610210",0.0111307764906324
"tspan9a",-0.0111077369841387
"nmes1",0.011105276399348
"LOC106586497",0.011097855231688
"LOC106611885",-0.0110714117916745
"LOC106589413",-0.0110699458219795
"LOC106611334",0.0110536804461037
"LOC100136544",0.0110504730715178
"lrrc2",0.0110500760770574
"atp5g3",0.0110488728916363
"LOC106572611",0.0110431871104434
"LOC106569508",0.0110389404007826
"atp5mc3b",0.0110215192668159
"LOC106567543",0.011015975551601
"LOC100136504",0.0110140411941633
"LOC106569539",0.0110097220444923
"LOC106609044",0.0110004376960842
"LOC106560874",0.0110003090522493
"LOC106591663",0.0109954917233567
"LOC123744189",0.010991056683836
"LOC100194684",-0.0109641777812099
"LOC106573765",0.0109592035050441
"LOC106579929",-0.0109546475196233
"kbtbd13a",0.0109347792714579
"LOC100196063",0.0109186503062622
"LOC106613640",0.0109184719381118
"LOC106601979",-0.0109136356696233
"LOC106611737",0.0109125464266998
"ajap1",0.0109058083035505
"hspb1",-0.0109033326109312
"LOC123741964",0.0108984111469123
"LOC106570099",0.010895540705327
"pappa2",0.0108881858890327
"LOC106563671",0.0108877645520012
"LOC123726647",0.0108764956646953
"otog",-0.0108696083079875
"LOC106564196",0.0108610505200902
"LOC123744764",-0.0108282320376175
"LOC106564371",0.010824896192153
"LOC106593154",-0.0108126224177669
"LOC106594199",-0.0108065133519346
"mmadhcb",0.0108057851849108
"LOC106577114",-0.0107932108784807
"nr4a3",0.0107729282951595
"LOC106570167",0.0107433548916667
"LOC106576005",-0.0107414107907816
"tpm1",-0.0107383963244789
"cox6b1",0.0107304519782882
"myf6",0.0107231156006139
"LOC106610345",0.0107227458804924
"LOC106579279",0.0107226661922959
"LOC106573535",0.0106969503900923
"acaa2",0.0106779960301465
"LOC106581682",0.0106776213773017
"si:dkey-190g11.3",0.010647259916657
"dok7b",-0.0106377967987558
"LOC106573546",0.0106339715941886
"LOC106574706",-0.0106054162800001
"syne2a",-0.0106003879037776
"LOC106603606",0.0105971370198552
"LOC106612508",0.0105779263761346
"akap1b",-0.0105742114484449
"LOC106612719",0.0105713070423075
"dmrt2b",0.0105560986889885
"LOC106572087",0.0105493400816489
"LOC123731764",-0.0105468028541362
"klhl31",0.0105428707948743
"LOC106563459",0.0105425981650766
"LOC106588912",0.0105350671307057
"LOC106571696",0.0105315312732131
"LOC106595215",0.0105222952843426
"LOC106607269",0.010507516596224
"lyrm4a",-0.0105060656500853
"LOC106566701",0.01048694972234
"LOC106613737",0.0104849767654714
"ryr1b",-0.0104819446437014
"LOC106580299",0.0104731651881599
"LOC123727952",0.0104656545139637
"LOC106581480",0.0104622756940494
"LOC106607375",0.0104619990737631
"LOC106570486",0.0104520292165061
"LOC106584144",-0.0104400336864506
"LOC106594603",-0.0104392355689283
"LOC123724366",-0.0104155310555801
"rps29",0.0104032257962836
"acsl1a",0.0104016440942751
"rragd",0.010399669999519
"neb",0.0103993436719009
"hspb3",0.0103819964304539
"pdk3",0.0103743875122347
"LOC106562250",0.0103539322058136
"LOC106566383",0.0103448315903755
"LOC106565988",-0.010335003296642
"LOC106591971",0.0103289770363187
"nos2b",0.0103267606750828
"LOC106580039",0.0103224491232833
"LOC106598655",0.0103180989461764
"mmsa",0.010317916799774
"LOC106588063",0.0102961451032584
"LOC106567372",0.0102960894260666
"LOC100136798",0.0102839990168884
"LOC106584300",0.0102822692897512
"adhfe1",0.0102821379959621
"LOC106585672",0.0102807750827287
"LOC100136469",0.0102792358551925
"LOC106611028",-0.0102759819278742
"LOC106606249",0.010253631842735
"k1143",0.0102466697747985
"ndufv1",0.010225430346101
"LOC106561611",0.0102129091191755
"LOC106581355",0.0102126146363105
"LOC106578926",-0.0102069454239917
"LOC106569131",0.0102063610800983
"LOC100194557",-0.0101997396757416
"LOC106576651",0.0101879546728398
"LOC106573841",0.0101863411332989
"aurkaip1",0.0101782823557159
"LOC106592647",0.0101722044282596
"LOC123724367",-0.0101439147664626
"LOC106604280",0.010141136491761
"ret7",-0.0101382207162804
"LOC106564263",0.010087029852357
"nr1h4",0.0100780819825449
"LOC123726963",0.0100745691695819
"LOC106605154",0.0100381710901914
"LOC106596899",-0.0100329134105428
"LOC106613525",0.0100306653584371
"ndufb9",0.0100120220833659
"LOC123730410",-0.00999477383637465
"LOC123738751",0.00999447347776014
"crp",-0.00997055549831596
"mss51",0.00996839240444761
"LOC106568484",0.0099626310373111
"zgc:123321",0.00994685897301385
"LOC106609984",0.00993595806996216
"me1",0.00991553120600082
"LOC123730974",-0.00991285854728051
"phyh",0.00990869743301333
"LOC106600795",0.00990868646850295
"LOC106592279",-0.00989764052322435
"LOC100136571",-0.00989653273697397
"cahz",0.00989359314923267
"LOC106569950",-0.00989153115932999
"LOC106576877",0.00988383623281924
"LOC106581822",-0.00987380321364652
"comp",0.00987254348353673
"LOC106579178",-0.00987162256058912
"LOC106571948",0.00984539361058164
"LOC123726660",-0.0098421599911345
"LOC106603694",0.00984209371499763
"LOC106605704",0.00983116107475352
"LOC106562804",0.00982932318553128
"bckdk",0.00980416343581818
"LOC100196679",0.00979234077481239
"LOC106593179",-0.00977785267733469
"decr1",0.00976385206733998
"LOC106570731",-0.00976274188257173
"ccl25a",0.00975957457691813
"LOC106591096",0.00975166644742521
"LOC106609963",0.00973504953257825
"LOC123734131",0.00973202591338579
"LOC106604310",-0.00972784802729459
"LOC106586223",0.00971434483556757
"LOC106572807",0.00969465505131337
"LOC100194644",0.00969437676417138
"apoeb",0.00965205582305859
"ndufa2",0.00964694812358839
"LOC123728661",0.00964484646943976
"cenpe",-0.00960847457553359
"LOC106581201",0.00959157409928873
"LOC123723800",-0.00959017799934971
"LOC106566039",-0.00958632031483732
"per1b",0.00957714466286217
"LOC106607014",0.00957647596033285
"LOC106613710",0.00957573052930033
"LOC100194572",0.00955698006715731
"LOC106567419",0.00954602970115595
"LOC106569229",-0.00952863870491151
"LOC106588196",-0.00951749248454206
"LOC106605086",0.00951633978166057
"LOC106591343",-0.0095151871145159
"LOC106575817",0.00947669719808079
"LOC123725002",0.00946933256756734
"LOC106579787",0.00944411208088745
"LOC106594635",0.00942640895094145
"LOC123732499",0.00942631192012554
"LOC106593135",0.00942403497515476
"LOC106580640",-0.00942262158087164
"LOC106576640",-0.00941266691142911
"LOC106563522",0.00941246976827538
"LOC106593213",0.00938448451869758
"LOC106567627",0.00936645168829337
"LOC106595306",-0.00935768469665781
"LOC106587704",0.00935763168682731
"spsb3b",0.00935505927545975
"LOC106560669",-0.00934626950848873
"LOC123744726",0.0093389904640436
"rcn3",-0.00932990808144101
"LOC106611665",0.00932849198698179
"LOC106576193",0.00930569576254404
"LOC106582697",0.00928895989030552
"LOC106609931",0.00928198552236846
"LOC106581990",0.00927082529671345
"LOC106605554",0.00926300368194734
"LOC106593064",-0.00926062452943995
"LOC106598334",0.00926025408048959
"LOC106609902",0.00925674992001426
"LOC106607927",0.00924573747547379
"LOC106567710",0.00924537631919799
"LOC106578914",-0.00923973240035911
"LOC106583053",0.00923802393629703
"LOC106569804",0.00921590039771104
"LOC106600985",-0.00921530266984228
"LOC106561700",0.00921220626068578
"LOC106576111",0.00920951084701054
"LOC106579430",-0.00920451772035946
"arpp21",-0.00918387310989275
"LOC106588119",0.00918250828324969
"rtn2a",0.00917925904076475
"LOC106605132",-0.00917827200183792
"LOC106571176",0.00917624299998764
"LOC106603157",0.00913358309946324
"si:ch211-51e12.7",-0.00913084717975893
"LOC106599105",0.00912830685182649
"LOC106583562",0.00912441637113398
"LOC106577870",0.00912377598162606
"LOC106585796",0.0091190965552995
"LOC106585031",0.00910351069147099
"LOC106560405",-0.00909565162180552
"LOC106565346",0.00908225638634905
"LOC106560578",0.00907909407733021
"LOC106562460",0.00907862465816759
"LOC106590266",0.0090748417867849
"LOC123739003",0.00907055898610313
"chchd3a",-0.00906553946807174
"LOC106572221",-0.00906026456779447
"sorbs1",0.00905496947292132
"LOC106591684",-0.00903966219801162
"LOC100194663",0.00903298181580362
"LOC106601028",-0.00903223219256758
"LOC106562377",0.00901683994528535
"LOC106577368",-0.00901126316665475
"LOC123729030",0.00900812403873415
"tmod4",0.00900594759543545
"LOC123727231",0.00899223958153845
"LOC106607151",0.00898136967334717
"LOC106574312",0.00897770829075395
"nrap",0.00897397828338624
"cib3",0.00896881222415891
"ache",-0.0089639352901475
"seraf",0.00896225381469259
"LOC106580568",0.00896125168831803
"txlnbb",0.0089595243804213
"LOC106593230",0.00895443161414682
"aldh4a1",0.00895246213442004
"LOC106587482",0.00894671536510482
"si:ch211-198n5.11",0.00893557578043045
"LOC106566974",0.00892745631030106
"col13a1",-0.00891597759200869
"LOC106606552",-0.00891207981106222
"LOC106587549",0.008904021832726
"LOC106570380",0.00887943632205855
"zgc:172076",0.00887672762705425
"LOC106581278",-0.00886861030497135
"LOC106567102",0.0088672559548608
"LOC106605378",0.0088578943561025
"LOC123728697",-0.00884602400537593
"ckmt2",0.00884215401451627
"LOC106583167",0.00883902342584463
"LOC106569913",0.00882541395439855
"LOC106583091",0.00882446523649564
"LOC106567269",-0.00882339135949301
"LOC106586525",0.00882253293956611
"LOC106575334",0.00882101291058008
"LOC123743397",-0.00881812974676003
"LOC123725532",0.00880820489941946
"LOC106613511",-0.00880154809226897
"LOC106564832",0.00879075674916188
"LOC106585950",-0.00878840642310509
"LOC106572227",0.00878436907513427
"LOC106570325",0.00876745028697603
"fbxo40.1",0.00876629243474677
"mypn",0.00876118640955875
"LOC106569817",0.00872095568044097
"LOC123724000",0.0087134369633209
"apooa",0.00870282333333217
"cf12",0.00869343627593837
"LOC106573016",0.00868800694594805
"LOC106600702",0.0086877271895582
"xirp2b",-0.00868185734713282
"LOC106579582",0.00867410699374676
"LOC106591712",0.00867226549850778
"LOC106570111",-0.00867180671253947
"LOC106577618",-0.00866511895071897
"LOC106564816",-0.00866199492115618
"LOC106599968",-0.00865952193512577
"LOC106570964",0.00865227102350377
"LOC106611582",0.00865097852757188
"LOC106566614",0.00864430655027493
"LOC106573947",-0.00864413153011447
"LOC106567858",0.00863785959590894
"LOC106612802",-0.00862850989759475
"hsc70",0.00862391312652823
"tmed3",0.00860680794848775
"LOC106608690",0.00858744227897923
"LOC106573150",0.00858573758565014
"LOC123730560",0.00857873071460495
"tbx15",-0.00856663260920816
"LOC106582130",0.0085312021542723
"LOC106571466",-0.00851440381667561
"LOC106576703",-0.00850264589536509
"LOC106607484",0.00849161996515332
"LOC106605440",-0.00846824871841232
"LOC106565650",0.00845535400193036
"LOC106609429",0.00845396094759497
"LOC106582998",0.00844981508459191
"LOC123728136",0.0084257765488817
"klhl21",0.00840959482702363
"LOC123730933",0.00839301378357767
"LOC106566022",-0.00838639334653009
"LOC106591310",-0.00838584591011752
"lmod3",0.00837504633216479
"LOC106578968",0.00836930314727274
"LOC106601268",0.00836562278275853
"LOC106562604",-0.0083573356527597
"pde4dip",-0.00835516109261933
"LOC106577388",0.00834302684370822
"LOC106561646",0.00833902541457907
"LOC106594024",0.00833837114119089
"LOC106568426",0.00832774748302407
"abcb3",0.00832213177922467
"gphna",-0.00831693403002134
"LOC106564959",0.00831373629148424
"LOC106565446",-0.00831333873565658
"tnni1",0.00830284958480837
"LOC106566847",0.00829788094224935
"xirp1",0.00828430169534141
"LOC106600509",0.0082730643524533
"LOC106595830",-0.00825038570267747
"LOC123729160",0.00822430958240619
"LOC106588084",-0.00819959199466163
"LOC100194658",-0.00818450631354311
"LOC106569400",0.00816694323593545
"LOC100380859",0.00816063148084257
"LOC106566836",0.00814559194066736
"LOC106581769",0.0081428868255157
"LOC123743719",0.00812563828454165
"prkg1b",0.00812362527842706
"ttn.2",0.00812023640854517
"LOC106580656",-0.00811956386928869
"sat2a.1",-0.00810371801237438
"LOC106580620",-0.00808537291869154
"LOC101448020",0.00807237334909294
"LOC106603535",-0.00806334008729842
"LOC106605021",0.00804435488665278
"LOC106562681",-0.00804350765129763
"LOC106565535",-0.00803918293562669
"LOC106565613",0.00803288620407973
"LOC106577478",0.00802709197651213
"LOC106564722",0.00802655083628685
"LOC123732866",0.00801509571774284
"LOC100194645",0.00800819176998653
"LOC106606435",-0.00799562780578089
"LOC106586507",0.00799414762872467
"LOC106566456",-0.00799157820374774
"LOC106601042",0.00798949730523871
"LOC106601888",0.00798398083350738
"LOC106570053",0.00797964819627462
"LOC100194700",0.00797781628861677
"LOC106584909",0.00797287677084234
"LOC123732841",0.00796967947395022
"klhl23",0.00794054852455191
"LOC123728349",0.00793340580771043
"aimp1b",-0.00792722795640876
"LOC100194643",-0.00792471403834923
"LOC106570467",0.00792431691655041
"shlb2",0.00790388349532449
"LOC106612488",0.00789731922152125
"LOC106613944",0.00789685008939485
"defbl1",-0.00789195296228836
"obsl1b",0.00788846568957293
"tap2b",-0.00787506395394224
"LOC106605689",0.00785525213574292
"tubb6",0.00784172867763517
"si",0.00783146871547064
"LOC106566459",0.00781138142604401
"LOC106611935",0.00780198142235553
"LOC106576177",0.00779977897866221
"LOC106580057",-0.00778273497039563
"crata",0.00777591646695893
"adss1",0.0077708078431138
"LOC106578695",0.00776336809361403
"LOC123730909",-0.00776291867560532
"sc61g",0.00776259308971238
"LOC106612380",-0.00775434597324705
"LOC106592274",0.00775428595325611
"usp13",0.00773380100109986
"LOC106601559",0.00771675630963305
"LOC123741961",0.00770645176937951
"LOC106590135",0.00769257716790719
"cav3",0.00765522946157554
"LOC106589818",-0.007655200923332
"LOC106571348",0.00764323958286962
"sdha",0.00763984032017164
"LOC106582800",0.00763908406698631
"perm1a",0.00763336084556364
"LOC106595326",0.00762409543137529
"LOC106563077",-0.00760173212450002
"LOC106603290",0.00758842621284749
"LOC106563258",0.00758675007320682
"LOC100194719",0.00757694660067501
"LOC106599903",0.00757026507865809
"LOC106560816",0.00756886260160979
"prodhb",-0.00756866984135593
"LOC106611534",0.00756717205999792
"LOC106566158",0.0075630983097485
"LOC106608890",0.00755439560895961
"LOC106565759",-0.00755124449414047
"epm2a",0.00754473724710738
"LOC106566395",-0.00753138139807657
"LOC106593628",0.00753092644820812
"LOC106610028",0.0075237407970578
"LOC106610162",0.00752062598861687
"LOC106587138",0.00751272568725583
"LOC106587315",-0.00751056754591604
"dysi1",0.00750124579238486
"LOC106582277",-0.0074915155494827
"LOC106575785",0.00748662810568688
"LOC106612591",0.00748058161078781
"mslna",0.00747398092551678
"atp2a1",0.00746511435192946
"LOC100194657",0.00746237290064611
"LOC106574225",0.00743519507116128
"LOC106582732",-0.00742463366621305
"LOC100194712",0.00741396212249661
"LOC123725794",-0.00741068979026169
"LOC106607688",0.00740389210486752
"meox2b",0.00739597628941291
"LOC106576960",0.00739433659153504
"LOC106610323",0.00739331617977638
"LOC106571588",0.00738376615209772
"LOC106575736",0.00737011482828118
"tpm3",0.00736225635381756
"LOC106576751",0.00735997987673469
"LOC106561011",0.0073596653140176
"LOC123730737",0.007353462330078
"LOC106611727",-0.00735279116735207
"LOC106567928",-0.00733482819239419
"LOC106601604",0.00731804611366811
"LOC106604152",-0.00730938139341025
"cdcp1b",0.00730669351441393
"LOC106607666",0.00730074078738407
"LOC106573414",0.00728983800030888
"LOC106600841",0.00727397743995137
"LOC106570192",0.00727107061106372
"cap2",-0.00726978084739073
"tri55",0.00726194871616279
"LOC106603111",0.00724564895657864
"LOC106589658",-0.00724124266608705
"LOC106585052",0.00724069255239368
"LOC106609197",0.00723014435360787
"dhrs7cb",0.00722754011211661
"LOC106582245",0.00722615743368304
"LOC106605532",-0.00722250943186091
"LOC106612617",0.00722119650716968
"LOC106595722",-0.00721899154644927
"LOC123743621",0.00721699312052662
"LOC100136539",0.00719941063302146
"LOC106608869",-0.00718770065911204
"LOC106582502",-0.00716743760451933
"LOC106569554",0.00716624281698653
"aldh7a1",0.00716239035476822
"pias2",-0.00715171102739584
"sgk2",0.0071442955382435
"LOC123743267",0.0071418668799804
"LOC106575818",-0.0071293747738152
"lmcd1",0.00712872394086011
"LOC123744234",0.00709999873858626
"LOC106601040",0.00709016068026415
"LOC106583924",-0.00708990388202012
"LOC100194554",0.00708321782077921
"LOC123743094",-0.00707100760045531
"chrnd",0.00706391359935999
"tm182",0.00705897229217951
"LOC106601393",0.00705625691794712
"LOC106602653",-0.00705322132424035
"LOC106602669",0.00705189179171906
"gmpr",0.00703365699907198
"ptx4",-0.00702707557229787
"c1galt1la",0.00702366058055164
"LOC106592612",-0.00702094994495886
"txnb",0.00702076451853223
"LOC106606900",-0.00701798984792924
"LOC106589438",-0.00699278323157813
"LOC106586198",0.00698582888012461
"LOC106587183",0.00698374576141643
"LOC106578738",-0.00698154348530227
"LOC106592787",0.006975970553914
"LOC106567177",0.00697004417391196
"cenpf",-0.00696518653610878
"LOC123727911",0.00694667151449788
"LOC106578705",0.00692690254075584
"myom3",0.0069181466249947
"LOC106584489",-0.00690110728238802
"nnt2",0.00689185597597107
"LOC106611804",0.00688787539860649
"adssl1",0.00688483062280667
"LOC106610734",-0.00688296462218578
"LOC106564234",-0.00687589247940194
"LOC123739882",0.00685974864979663
"LOC106578346",-0.00685302122665334
"LOC106605777",-0.00685147592609053
"LOC106562286",0.00684740202067616
"LOC106601211",0.00684672903076484
"LOC123731972",-0.006845594093154
"LOC106564367",0.00684246594067971
"LOC106581751",0.00683803664454247
"LOC106579903",0.00682553773598386
"LOC106572142",-0.00681054532701494
"LOC106582106",0.00680759102375612
"LOC106573060",-0.00680629112530249
"trdn",0.00678850933191291
"LOC106588183",-0.0067700481039708
"LOC106601823",-0.00676033833655682
"LOC106574696",0.00674067187893665
"LOC106599065",-0.00673143880781667
"c1qc",0.0067247579924369
"atp2a1l",-0.00671895994361519
"plek2",0.00671429777807508
"LOC106603525",-0.00670248028305231
"myl1",-0.00669882264428624
"LOC106571170",-0.00668898846609529
"LOC106607987",0.00668875829934089
"LOC106606232",-0.00668409653650173
"pgm1",-0.00666777133513669
"vgll2a",0.00666689578500058
"LOC106608859",-0.00666631841744859
"ampd1",-0.00666048166991711
"tmod1",-0.0066565491953558
"LOC106612670",-0.00665430157055269
"LOC106579710",-0.00663284695918597
"LOC106595587",0.00661776145376407
"fbxo32",0.00661675915624957
"si:dkey-221h15.4",0.00661592204292282
"rtp3",0.00660073215475531
"LOC106562300",0.00659794713984074
"LOC106587078",0.00659594871776512
"LOC106601733",0.00657913596121792
"abhd18",0.00657239551918164
"LOC106610419",-0.00656533598098614
"LOC106578800",0.00655174228797818
"plin3",0.00655169478448936
"LOC106581053",0.00653795660707521
"LOC106577953",-0.00653589636012639
"LOC106587941",0.00651232166113745
"LOC106590360",0.00651199156715627
"LOC106593318",-0.00650727199974899
"LOC106570048",0.00650137042125749
"LOC106600782",-0.00649474329169382
"LOC106569960",-0.0064910612377126
"LOC106579698",0.0064879877328364
"LOC106564730",-0.00648604091434632
"LOC106579007",0.00648595268940982
"LOC106601921",-0.00648373836387929
"LOC106563251",0.00648184409943438
"LOC106567984",0.00648163598597673
"LOC106607989",0.00646774773454105
"LOC106570420",0.00645739188654818
"LOC106610271",-0.00645209567609927
"LOC106566565",0.00644103027533283
"LOC106561050",-0.00644084311601729
"LOC100194697",0.0064408058231141
"LOC106590477",0.0064228020442214
"pura1",0.00642004378500174
"fkbp7",0.00640926651567112
"LOC106576270",0.0063925166527826
"LOC123724035",0.00638401996276281
"LOC106574234",0.0063814539668698
"LOC106569150",-0.00635624234942369
"LOC106604914",-0.00635296523569098
"LOC123732865",0.00635065106408061
"LOC123743437",0.00632624853500056
"LOC106602596",-0.00630771324271436
"LOC106591898",0.00630476445354988
"smim7",-0.00629824257392895
"LOC123724137",0.00628837354094647
"LOC106607691",0.00627754421464458
"nca11",-0.00627585827023618
"sh3bg",0.00627293898156995
"popdc2",-0.00626733559600311
"LOC106603501",0.00626516822508752
"LOC106605239",-0.00626384614067005
"LOC106579549",-0.0062511876244578
"LOC106612556",0.00625086807483665
"LOC106569942",0.00624693571468222
"LOC106582149",0.00624406433793721
"LOC106600435",-0.00623219593960275
"LOC106610164",-0.006228438633483
"immt",0.00622795945476477
"LOC100136540",0.00622418366605362
"tnnt3a",-0.00621141649174605
"LOC106601338",0.00621085648884549
"obscnb",0.0062094208446608
"LOC123731529",0.00619696539533978
"bckdha",0.00619033290114431
"LOC106566457",-0.00617872244502103
"LOC106564249",0.00617678428269717
"LOC106568020",0.00617509428234885
"LOC106607322",0.00616546208541685
"cyp24a1",0.00616208919357298
"myom1b",0.00615461223892332
"adipoqb",0.00612835065439218
"uqcc4",0.00610798552121049
"LOC106567522",0.00610693751973373
"mx2",-0.00608760114908369
"LOC100194655",-0.00608632536606778
"LOC106585480",-0.00608545407664088
"LOC100194642",-0.00607396527354713
"LOC106581313",0.00607046463488158
"LOC100195738",-0.00606636396045005
"anxa6",-0.00606480703324413
"LOC106605650",0.00606180153496681
"LOC106577963",0.0060592152758334
"LOC106566934",0.00605488666522622
"LOC106604189",-0.00605467183051143
"mlc-2",-0.00605044765369377
"hspa1b",0.0060481699008506
"LOC106599076",0.00602733847992137
"LOC106610721",-0.00601891842739282
"LOC106607266",0.00601331674631349
"LOC106566020",0.0060117410155957
"actr3b",0.00600667991886145
"LOC106566033",0.00600280988635914
"LOC106586353",-0.00599552253630812
"pdhx",0.00597880797776593
"LOC123727932",0.00597615666453023
"LOC106574549",0.00597211008478828
"dmd",-0.0059617635604778
"LOC100137051",-0.00595699641501221
"ckm2",0.00595245273544748
"LOC106583097",0.00594792232491279
"LOC106595477",0.00593568558633836
"LOC106579281",-0.00593446456821796
"LOC106575605",-0.00591646513945792
"LOC106577621",0.00591527137219522
"LOC106568363",0.00590413197545068
"LOC106572048",0.00590356331116611
"LOC106576572",0.00590304821814554
"LOC106590268",0.00589796125895614
"LOC106571390",0.00588946546608945
"LOC106608670",0.00588865852334921
"LOC106601000",0.0058833972655594
"LOC106607299",0.0058750414059426
"LOC106566977",0.00586856982334559
"LOC106563479",0.00585655574666302
"LOC106602757",0.00584578058762832
"LOC100194636",0.0058404008218229
"ubtd1a",0.00584018213635201
"LOC106572750",0.00583322237068999
"LOC100306788",0.00582477228779127
"LOC106599133",0.00582292805232214
"tp63",0.00581814142485783
"LOC106561238",0.00581510839829107
"LOC106600406",-0.00580658437867977
"LOC106610285",-0.00580249881530309
"LOC106595863",0.00580005107972856
"LOC106611756",0.00579988062857393
"LOC106611950",0.00579967678669986
"LOC106566742",0.00579937985274236
"LOC106588212",-0.00578187864254672
"LOC106567279",0.00577885697770047
"LOC106567378",-0.00577027877453254
"LOC106607075",0.00575803895286151
"LOC106572422",0.00575663578934037
"LOC106589985",0.00575458846510309
"LOC123738969",-0.00574861697033518
"LOC106563200",0.00574187435694707
"LOC106609998",0.0057386112660562
"LOC106608976",0.00573629355508168
"LOC106577556",0.00573257930583057
"epd",0.00571707233878023
"LOC106591053",0.00571334842950654
"slc25a35",0.00570649378751654
"LOC106568513",0.00570357822580794
"LOC106568198",0.00569201040336117
"LOC100194727",0.00567617977401019
"LOC106609344",0.00567467695678373
"LOC100194714",0.00567291840628307
"LOC106561047",0.00567051840676813
"LOC106578871",-0.00566398638621068
"tlcd3b",-0.00565100717220816
"LOC106581284",0.00564840657811793
"LOC100136569",-0.00564795479576216
"LOC106562001",0.00564357691458776
"LOC106580409",0.0056427501078836
"LOC106603059",-0.00562821541728255
"si:ch1073-396h14.1",0.00562703615837473
"kbtbd12",0.00561353853436243
"LOC106587297",0.00561090392192161
"LOC106584447",0.0056095657978715
"LOC106603727",0.00558795047155762
"LOC106599333",-0.0055838644056175
"LOC106584064",-0.00558070816987109
"LOC106583902",0.00556489242566778
"pfkmb",-0.00555615976916273
"LOC106588407",0.00555092920931828
"LOC123729864",0.0055410021140823
"srl",0.00554001321823869
"LOC106569611",0.00552393364456302
"LOC106589423",0.00551573600973412
"LOC123744732",-0.00551248444556618
"LOC106603944",-0.00550698403685873
"LOC106583067",-0.00550170437791143
"LOC106583707",-0.00550043072972176
"LOC123732449",0.00549755710627925
"LOC106600921",0.00548976702018106
"tnni3k",0.0054862466600749
"LOC106596266",0.00548605823017109
"LOC106576847",0.00546524430996821
"LOC106564072",0.0054506884508687
"LOC106613662",0.00543208913950153
"LOC106606152",-0.00543102956130948
"pabpc4",0.00542281805180952
"LOC106611943",-0.0054127562915948
"tecrb",0.00539786435078431
"LOC123731749",-0.00537756533305325
"LOC106612015",-0.00536742640178571
"mthfd2",0.00536709120213985
"LOC106567948",-0.00535762430181912
"LOC106604528",0.00535538344610086
"LOC106599117",0.00534770565893903
"LOC106606640",0.00534294004050515
"LOC106565342",0.00534273526241804
"LOC106584199",-0.00534128326064427
"LOC106600560",0.0053351944074344
"LOC106612671",-0.00532781123794909
"LOC106576887",0.00532610669134521
"LOC106569344",0.0053196499139895
"ca4a",0.00531565062935493
"LOC106574917",0.00531552107850494
"LOC106566047",0.00531347923306675
"fh",0.00531326095548937
"LOC106573492",0.00531231514990561
"LOC106602580",0.00530789140496017
"LOC123728230",0.00530140395755678
"LOC106587486",-0.00530131284121957
"LOC106609368",-0.0052876639351356
"LOC100194721",-0.00528135821109576
"LOC106586238",0.0052661508635101
"LOC106609227",0.00525886164051789
"LOC106574001",0.0052569554148662
"LOC106593568",0.00525332947648772
"LOC106613797",0.00523285623765127
"LOC106562164",0.00523073081598406
"LOC106609696",0.00521351286813087
"LOC106565694",-0.00519462281546804
"rtn2b",-0.00519309736232946
"map3k15",0.00518979630250815
"LOC123741600",-0.0051866890177525
"LOC106564208",-0.00518532179981191
"LOC106611653",0.00514913817670833
"LOC106601552",-0.00514149214127002
"LOC123725773",-0.00512971710363353
"LOC106606732",0.00512953365155624
"LOC106593044",0.00511447955895656
"LOC106582467",0.00511394210298431
"ldb3",0.0050993307397034
"LOC106582767",0.00509675521386195
"LOC106560986",0.00509361353806293
"LOC106570104",0.00509251354073429
"LOC106603638",0.00506688244694244
"LOC106580109",-0.00506056996648814
"LOC123733060",-0.00505613576727442
"LOC123739459",-0.00504474390966461
"LOC106612563",-0.005016819387879
"prkag3b",-0.00501404646534384
"LOC106578647",-0.00501114348692932
"LOC106582211",-0.00499687166255328
"tfr1a",0.00498715638519787
"LOC106608616",-0.00498610780759326
"LOC106608992",-0.00496134386131513
"prkaa2",0.00495889281849938
"LOC106567031",-0.00495556203289881
"LOC106581593",0.00495443334295806
"LOC106586232",-0.00495019813119216
"LOC106580555",-0.00495000410188601
"LOC123734193",-0.00494183670352346
"rgcc",0.00493326173548098
"LOC106605408",0.00493058053631659
"LOC123730524",-0.00492386231948355
"LOC106572379",0.00490937648268566
"LOC106565076",0.00490075069718641
"LOC106565226",0.00489915277423788
"LOC123744176",0.00487879074373371
"ppp1r3ab",0.00486125998706131
"LOC106578697",0.00485748639695525
"LOC106561987",0.00484729261494038
"mlrv",-0.00484263387134784
"LOC106582523",-0.00484130954657541
"LOC100136439",0.00483988249596221
"ogdha",-0.0048206191266304
"LOC106590493",0.00480613309321431
"LOC106605075",0.0048037629442172
"rims4",-0.00479898299713527
"si:ch1073-184j22.2",0.00479487894710329
"LOC123731929",0.00478520871003555
"rpl3l",0.0047799160689291
"LOC106586082",0.00477378522812149
"LOC100194624",0.00477202055063209
"itga3b",0.00475268235395911
"col17a1b",0.00473764836331274
"fitm1l",0.00473443630898181
"pdha1a",0.00473323546740882
"esyt2b",0.00472513032332587
"LOC106574468",0.00471932254723889
"mapk3",0.00471775227544153
"LOC106569327",-0.00470783995631559
"LOC106586211",-0.00469721224856257
"LOC106575942",0.00468217090691836
"LOC106580533",-0.00466577621709775
"chrnb1l",0.00466355083673914
"LOC106579478",0.00465978989304447
"LOC106586627",0.00465620317638486
"cpt1ab",0.00465493376705933
"tnni1c",0.00464852556669967
"LOC106605066",-0.00464320441657462
"LOC106585850",0.00463950852081071
"igfn1.1",-0.00463464483265512
"pfkma",0.00463333234397
"bcl2l16",0.00463033998778117
"cpt1b",0.00462960024138955
"LOC106609223",0.00462954956501104
"LOC106564483",0.00461766592707876
"LOC123744663",0.00461715487069771
"LOC106588718",-0.00460433475499261
"LOC123732650",0.00460424087017937
"pygma",0.0046021879838171
"LOC106606415",-0.00460180561170193
"LOC106580742",0.00459873436387016
"LOC106567403",0.00459344252645361
"lratb.1",0.00457266523220189
"LOC106567919",0.00455633327831681
"LOC106575725",0.00454144976585727
"LOC106562426",0.00453415889587637
"gpc2",0.00452024690091406
"LOC106567416",0.00451976474146869
"tpm2",0.00451449519011721
"LOC106611742",0.00450871493256772
"LOC106602379",0.00449640527417228
"LOC106573079",0.00449357801629293
"hsd17b3",0.00448648537054145
"LOC106590673",-0.00447451351517785
"bhmt",0.00445641053990833
"LOC106583977",0.00445305148113175
"LOC106600715",-0.00443828282322052
"dtna",0.00442917762774498
"phka1b",-0.00441641181781453
"LOC123738256",-0.00440235372059911
"LOC106571916",0.00440143450935471
"fgfrl1a",-0.00440111595600989
"LOC106573489",-0.0043985645259216
"slc26a6l2",-0.00438757479770432
"LOC106608893",0.00437946852828841
"LOC106600489",0.00437220241271355
"kcnma1a",-0.00436385366585593
"LOC106564377",0.00436195632639355
"atp1a2a",0.00436142891817596
"LOC106581679",0.00435305853675805
"coq8aa",0.00433516141611663
"pk",0.00433338719846556
"LOC106572350",0.00432541872149998
"LOC106573010",0.00431302781389037
"itga6a",0.00430354637414417
"LOC106569077",0.00427888865263806
"bcam",0.00427775113005732
"LOC106589386",-0.00424405733329038
"LOC106578487",0.00423615267078745
"LOC106609638",0.00422858336318404
"LOC123740640",-0.00421169709882283
"LOC106566816",0.00419518968110896
"LOC106590169",-0.00418794388468235
"LOC123744191",-0.0041797022627919
"LOC106581984",0.00417377974052032
"LOC106571168",-0.00416504144271179
"LOC106583183",0.00416006833207603
"LOC123733421",-0.00413751323021905
"LOC106606271",0.00413667447776904
"LOC123725142",0.00413242397244864
"LOC106596865",0.00412292892346041
"LOC106583646",-0.0041197864796239
"LOC106582197",0.00409840371277513
"mthfd2l",0.00409388121355105
"LOC106579590",0.00409355371933003
"LOC106587600",-0.00409322632092766
"LOC106591029",-0.00409162590522693
"LOC106573043",-0.00407982574390007
"abraa",0.00407150598663338
"LOC106583827",0.00406743707432866
"LOC106604716",-0.00405872479552006
"LOC106585259",-0.00405111774804142
"tmem255a",-0.00403324963483054
"LOC106563967",-0.00402208931492239
"LOC106571697",0.00400284661650109
"LOC123725149",0.00399941730663031
"LOC106613738",0.00399738833055664
"LOC106578525",-0.00399059055041929
"LOC106567843",0.00398513233992391
"LOC106577589",0.00397545524441641
"LOC106613699",0.0039600309264743
"LOC106561807",0.0039213744625987
"LOC106607372",0.00391326684838502
"LOC106600816",0.00391073253707079
"mid1ip1l",0.00390272707870155
"LOC106563019",-0.00390045538125578
"LOC106562057",0.00388564558632649
"LOC106608658",-0.00387954012844194
"abcb8",0.00386630083554523
"LOC106570015",0.00386238589394425
"LOC106585738",-0.00386218018681275
"klhl34",0.00386066293818305
"si:dkey-97m3.1",-0.00385719421680656
"LOC106592583",0.00385048039571253
"LOC106561692",0.00384571606882271
"slc25a4",0.00382854851044919
"eno3",0.00381664394606668
"LOC123724531",0.00380935802986961
"LOC106568665",0.00380690078459584
"LOC106570071",0.00380316121115353
"slc25a34",-0.00379456378845683
"LOC106605682",0.00377655736568518
"LOC106607928",0.00375885542659147
"bin1b",0.00375030194026274
"LOC106566043",-0.00374759213774784
"LOC106601689",-0.0037321575205903
"chl1a",0.0037310882761687
"LOC106602715",0.00372290123285412
"fabp3",-0.00371811641529815
"mxd1",0.00371449381899692
"LOC106564637",-0.00367332193615549
"LOC106593162",-0.00366629683352292
"LOC106581541",-0.00366612357479523
"hadhb",0.00366112788587698
"LOC106611545",0.00366031808920716
"LOC106586750",0.00365941264185995
"aass",0.00364888843859248
"got1",0.00364453047425836
"LOC123728183",0.00364247941160556
"LOC106608020",0.00363333886558556
"LOC106607956",-0.00362787533873213
"LOC106608769",-0.00362386223879576
"LOC106579658",0.00360964231162492
"LOC106602627",0.00360426184831896
"LOC123730776",0.00359880491371235
"LOC123725465",0.00359239457115339
"LOC106590582",0.00358303139781205
"abca12",-0.00358003485855173
"perm1b",0.00354749122922763
"igsf10",0.00354494517973865
"rassf6",-0.00353314405947515
"LOC106606876",-0.00353224400238987
"LOC106587936",-0.00352438527330545
"LOC106562859",0.00352184026027906
"LOC106587935",-0.00351193881977195
"LOC106611276",0.00350766542572631
"LOC123729672",-0.00350019599049631
"LOC100380615",-0.00349474398262466
"ssrd",0.00347632639781801
"LOC106582275",0.00346534154973796
"LOC106582103",0.00346020021626241
"LOC106589802",0.00345155143947441
"LOC106576021",0.00345149072812583
"LOC106584562",0.00344012968432628
"LOC100194713",0.00342882891045266
"slc25a15b",-0.00342712014307604
"LOC106575978",0.00341998739379092
"LOC106577893",-0.00341752499062308
"LOC106568414",0.00340340137235318
"stac3",-0.00337763751991687
"pdk4",0.00337449674709388
"LOC106603057",0.00335830849428661
"LOC106570829",-0.00335481431814613
"LOC106571774",0.00334990456905159
"LOC106578927",-0.00334650258772908
"si:ch211-63p21.8",-0.00332875366147561
"ehbp1l1b",-0.00332332014408713
"LOC106571135",-0.00331955015052068
"LOC106577610",-0.00331825002677075
"LOC106576050",0.00331475118079154
"mybpc2a",-0.00330400979175749
"LOC106586922",-0.00329848266127997
"LOC106560227",0.00328006851040503
"LOC106584174",0.00327959557788392
"lrtm1",0.00327885511971415
"LOC106573600",-0.00326972507961236
"LOC106565262",-0.00326544607438524
"LOC106575442",-0.00325786088882396
"apobec2a",0.0032519614168231
"LOC106562491",0.00325113102765275
"LOC106572076",0.00324946506141481
"LOC106568307",0.00324926062961141
"LOC106586902",0.00322478957194985
"mogt1",0.00322290294541374
"LOC106590447",-0.00321489800744135
"LOC106594991",-0.00320649620543597
"LOC106604067",-0.00318504628702353
"LOC106563821",-0.00316888202441714
"LOC106587516",-0.00314760670191464
"cavin4a",0.00314215048377115
"LOC106597230",-0.0031350088764865
"LOC106611930",0.00311606447487666
"eya4",0.00310578630512023
"LOC106604517",0.00310405137452969
"srpk3",0.00309380482275138
"LOC106588037",0.00308299242770494
"LOC106561658",-0.0030808898890417
"LOC106560296",0.00308058994064488
"LOC106582458",-0.00307190388488132
"LOC123725180",-0.00307114426867749
"LOC106567282",-0.00306798244513635
"popdc3",0.0030540706720842
"LOC106601002",0.00304769876535507
"LOC106581733",-0.00304464043108899
"LOC106579726",0.00304320729631816
"LOC106587907",0.00303713602474894
"LOC106582961",0.00303520284362441
"acadvl",0.00303090413595317
"LOC106613594",-0.0030147812137674
"LOC106588474",0.00300594768111537
"LOC106577193",0.00299328277639847
"gpx7",-0.00299225108372959
"LOC106611136",-0.00298147627753705
"LOC106608253",-0.00297681279099809
"LOC106590529",0.0029594494035471
"LOC106586458",0.00294212444838221
"si:ch211-214j24.14",-0.00293901850691899
"LOC106603073",0.00293880919622971
"LOC106610855",-0.00293840312234913
"LOC123729568",0.00293174565517667
"LOC106584897",-0.00291964109151319
"stbd1",0.00291335328586242
"LOC106602059",0.00291145010584239
"ckmb",0.00291109197619676
"LOC106611398",0.00290235413200959
"LOC106590397",0.00290230239486807
"LOC106588419",0.00290199198006521
"LOC106585146",0.00289075146113839
"LOC106583162",-0.00288043691547765
"LOC106569041",0.00287453022697991
"LOC106588498",-0.00286559217208979
"ybx2a",-0.00286355788818655
"alpk3a",0.00286027211781493
"LOC106571482",0.00285217066877732
"LOC106613496",0.00283815370103168
"dnaja",0.00281432401771474
"LOC123741774",-0.00280991408645917
"LOC106585590",-0.00279335395171518
"LOC100194656",0.00279119307842186
"ndufa9a",0.00278412983036185
"LOC106569692",0.00277904792459832
"LOC106574644",0.00277475664067945
"LOC106595639",-0.00275944734203421
"chrnb1",0.0027550336599968
"LOC106575303",0.0027496440604226
"LOC106593014",0.00274151417530329
"LOC106598809",0.0027398359538715
"zgc:85932",-0.00272086942493521
"LOC106569220",0.00271057165980146
"LOC106605916",-0.00270553451649153
"LOC106585752",0.00269911823974104
"LOC123742399",-0.00269394749529048
"LOC106584075",0.0026920303147923
"tacr1a",-0.0026821485340529
"LOC106600689",0.0026812858522723
"bag3",0.00267889702068651
"LOC106605430",-0.00266483061807944
"LOC123742385",0.00266067262565842
"LOC106568167",-0.00265872756090893
"LOC106589897",0.00264665330382105
"cs",0.00262701545154458
"LOC106606981",0.00262519288053481
"LOC106609570",0.0026108162194266
"LOC106567093",-0.00260786822634581
"angptl1a",-0.00260453870248725
"kif28",0.00258680569831667
"LOC106591060",-0.00258335069277739
"LOC106574296",0.00256984313263563
"rxrga",-0.00256570978328487
"lyrm7",0.00254609231363535
"mpp2b",-0.00254078682724749
"LOC106572524",-0.00253792504002633
"LOC106588089",0.00250645966929785
"slc25a11",0.00250182920778254
"myog",0.00249988497918331
"mc6zb",-0.00249460680248102
"LOC106575214",0.00248672184559264
"slc25a20",0.00247499366335478
"LOC100194564",0.00247293612130864
"LOC106561705",0.00245079733769864
"si:dkey-71d15.2",-0.00244898521579937
"rc3h2",-0.00244681760367583
"LOC106577766",0.002443181542599
"LOC123725297",0.00244285458167791
"LOC100136445",0.00243635274162171
"LOC106602558",-0.00242389017844617
"LOC106567590",0.00242252146018011
"LOC106564879",0.00241783390573873
"LOC106608299",-0.00241481164027413
"LOC106594448",0.00241364747751206
"LOC106579780",-0.00240390829188658
"LOC106604047",-0.00239969210685709
"mlip",-0.00239873712073728
"LOC106587345",0.00239856158433285
"LOC106589949",0.00238546604933139
"LOC106574694",-0.00238307670551099
"LOC106570027",0.00237998880925888
"LOC106561651",0.0023772062693126
"gpr174",-0.00237443936778737
"LOC106597563",0.00237396311761377
"LOC106610418",0.00237229930415365
"LOC106587937",0.00237054364929904
"tnni2",-0.00235596303661498
"LOC106607999",-0.00233636995568854
"LOC106604049",0.00233535272746156
"myoz1a",-0.00233292734287656
"LOC106608453",0.00231041757306527
"ryr1a",0.00230156041256457
"LOC106589968",0.00229610866921418
"LOC106573756",0.00229142197105595
"LOC106582677",0.00227884119544227
"LOC106562444",0.00227222367713788
"tnni3",0.00226618634888196
"actn3b",-0.0022516818350608
"LOC106579089",-0.00224880184120126
"LOC106602033",0.00224747332827782
"LOC106586493",0.00222077508294474
"sgca",0.00221735356288639
"obscna",0.00219946806193259
"LOC106587287",0.00219433706002909
"LOC106587515",-0.00219153329840138
"LOC106611611",0.00218240478680388
"LOC106611056",0.00216707297253353
"rtn4",-0.00216236602130831
"cmya5",0.00215792460920703
"agbl1",0.00215211919987725
"pgm3",0.00213686098324753
"hmcn2",0.0021233217813731
"oxct1a",0.00211402713408298
"LOC106609359",0.0020903417139195
"LOC106590180",-0.00207942671153538
"LOC106581123",-0.00207215726631367
"LOC106607507",0.00206409021880812
"LOC106586063",0.00205485259874688
"LOC106602756",0.00204246438137675
"homer1b",-0.00203728320448721
"LOC106595112",0.0020341050254688
"rbm20",0.00203391073690537
"hhatla",-0.00203319808248917
"LOC123725470",-0.00203049254404353
"LOC106585764",0.00203021941427545
"naprt",0.00202537371925514
"zmp:0000000930",0.0020183681181491
"LOC123742427",0.00201431366251118
"LOC106611224",0.00201344533859037
"LOC106560372",0.00201271990392583
"LOC106572124",-0.00200205204613884
"dusp28",-0.0019935440992205
"LOC106600814",-0.00198968397831627
"LOC123743263",0.00197969880198681
"LOC106589938",0.00197602340456273
"LOC106561813",-0.00196102126165495
"LOC106608285",0.00195488325769377
"LOC106599069",-0.00195478233083004
"LOC106583005",-0.00193643989458231
"esrrb",0.00189330541203348
"ndufb3",0.00188996727404293
"LOC106574005",-0.00188941998989936
"LOC106581056",0.00188907288848978
"LOC106605000",0.00188605655587979
"LOC106590197",-0.00187838908814764
"cilp",0.00187724425948278
"LOC106577763",0.00187687845713689
"smpx",0.00186739090567188
"lsm3",-0.00184874800841009
"LOC106607239",-0.00183206770303559
"LOC106585345",-0.00182778553831301
"LOC106564892",-0.00182610247973103
"LOC106613740",0.00180676094219126
"adss2",0.00178011181537336
"emb",0.00177151150245813
"LOC106604101",0.00175302737300502
"LOC106566029",-0.00175221542297658
"LOC106602736",0.00175034184470097
"LOC106571477",0.00174550581470518
"LOC106587719",-0.00174487435288211
"gbe1b",0.00173397773915879
"LOC106583479",0.00173064697298852
"LOC106576058",0.00172903354212499
"LOC100136391",-0.00172433062871578
"col25a1",0.00169748410086226
"LOC106608137",0.00169684775776096
"LOC106610216",-0.00168696216511134
"LOC106585923",0.00168088815064365
"LOC106592354",0.00167439759479773
"LOC100136926",0.00167194917712344
"LOC106597038",0.00166956854245666
"LOC106569521",0.00166720691477805
"LOC106595276",-0.00166694938645002
"LOC106571662",-0.00166577206372509
"lemd1",0.00165776295796677
"LOC123732654",0.00165388526907752
"rpa3",-0.00164114460007737
"LOC106600477",-0.0016076889176488
"LOC123725565",-0.00160633021266333
"msi2h",0.00159596037022731
"dnajb5",0.00159536208262934
"LOC106608170",0.00156963115044618
"LOC123724386",-0.00156653103189749
"si:dkeyp-118h9.7",0.00156546126321586
"tmsb2",0.00155598803727851
"LOC106611381",0.00155179807825969
"LOC106609198",0.00154189996861165
"LOC106583691",-0.0015396193540949
"hspb6l",-0.00153449875195158
"lrrc39",-0.0015233677087027
"LOC106578543",-0.00152294862656147
"LOC106592756",-0.00151865414596509
"LOC106589512",0.00151643444170904
"LOC106572115",-0.00151391523712245
"LOC106597716",0.00151340909885747
"LOC123729303",-0.0015078095251661
"LOC106585576",-0.00150555549465472
"LOC106602268",0.00150459262109561
"LOC123742580",0.00150180225876626
"LOC106612300",-0.00149039503303135
"LOC106611889",0.00148734622232305
"cdh13",-0.00147364305960457
"LOC106585698",-0.00145776339796108
"LOC106569754",-0.00144943327793903
"LOC106585250",0.0014315415691176
"LOC106563259",0.00141222068743679
"LOC106587738",-0.001392796695407
"LOC106574937",0.00138589969828572
"LOC106609324",0.00138407036096231
"LOC106580895",-0.00137682387416055
"LOC106609958",0.00137450814993253
"LOC106563180",0.00137428112730742
"LOC106586371",-0.00137403580152578
"LOC123729266",-0.00137252120222616
"LOC106587569",0.00136509765511977
"rapsn",0.00136056896231365
"palmdb",-0.00135769741669234
"LOC106561641",0.00135717852337709
"map7d1b",0.00135498141835358
"LOC106567406",0.00134571373868228
"LOC106603141",0.00134307310473175
"plekha4",0.0013334075667251
"LOC106586064",-0.00133142647437183
"LOC106591073",0.0013234377150588
"LOC106592222",0.00132069223530362
"alpk2",-0.00131435513931209
"prr33",-0.0012945214707774
"LOC106592409",-0.00129295765395387
"LOC106585068",0.00128240749666131
"LOC123724184",-0.00127915355027215
"LOC106589612",-0.0012733712473069
"ank1a",0.00126805709048967
"LOC106603980",0.00126580330596638
"LOC106604317",0.00126559801128462
"LOC106601986",-0.00126525531339966
"mpv17l",0.00125402933309908
"LOC106603438",-0.00125329403507834
"LOC100136415",-0.00124738219276898
"LOC106613213",0.00124029258786154
"LOC106565294",-0.00122432680700221
"LOC106563390",0.00121900292901811
"gpc5b",-0.0012080987777155
"LOC106572540",-0.00119956322921395
"LOC106612258",-0.00118168903494965
"LOC123723888",-0.00117415532134449
"LOC100194623",-0.00117212272779735
"LOC106606388",-0.0011706285543315
"LOC100194731",0.00116721127346865
"LOC106604334",0.00115942541497465
"LOC106582803",-0.00115426404336351
"LOC123733430",0.00114815768237565
"LOC106567586",0.00112036002213703
"dspa",0.00111969405262119
"LOC106568184",0.001119210527545
"usp53b",-0.00111305002505852
"zgc:92429",0.00110357156150183
"LOC106584453",0.00109889189002303
"bola3",0.00108811192356972
"apobb.1",0.00107783695464842
"pdlim3b",0.00106898895639616
"map3k7cl",-0.00101121214142622
"LOC106602853",-0.000999916938494953
"LOC106579160",0.000992913140609282
"aqp3a",-0.000992791971365448
"LOC106583638",0.000987582862066342
"casq1b",-0.000985051025211187
"LOC106583627",0.000981605125432551
"LOC106564685",0.000962119236385186
"LOC106584588",0.000957728463986247
"LOC106565074",-0.000953266208507942
"atp8a2",-0.000935032551194283
"LOC106578675",0.00092463453721621
"cdc2",-0.000913384942479209
"LOC106583825",-0.000911772700722527
"LOC106583915",-0.000907458760608906
"ppm1ka",-0.000904432622583337
"syne2b",-0.000899097604825109
"LOC106584546",0.000893742101229843
"slc38a3b",0.000893712751198263
"LOC123743739",0.000876399119873312
"LOC106578009",0.000852215847112352
"LOC106580797",-0.000851143263476391
"LOC106582752",0.000830653373811168
"LOC106568905",-0.000827894844997937
"LOC123730954",-0.000823888327648665
"LOC106606479",0.000821960410634479
"smyd1b",0.000800984524271549
"LOC106590732",-0.000793147130611177
"myom1a",0.000756876966543075
"LOC106607373",0.0007502756103172
"LOC106572606",-0.000748412495265956
"klhl40b",0.000742479287018284
"LOC106586776",0.000733555031440602
"LOC106568380",-0.000732242823348252
"LOC106611773",0.00073154861764124
"LOC106582068",-0.000728707955917564
"LOC106607371",-0.00071986461736046
"LOC106594684",0.00071695439531955
"pmge",-0.000712905897457684
"LOC106595311",0.00070893775788588
"LOC106587258",-0.00070350939593955
"LOC106595986",0.000701969216739394
"LOC106568681",-0.000700659604651446
"slc25a25a",-0.000700154480953894
"LOC106564772",0.000689677327431717
"LOC106576153",0.000673390768092812
"LOC106574559",-0.00066863400183819
"LOC106610845",0.000667191116302945
"LOC123730763",-0.000666812869991451
"s2533",0.000661177119417346
"LOC106600778",-0.000653188059328061
"LOC106582076",-0.000641932557322808
"LOC106579825",0.000639780059167862
"LOC106583653",-0.000632804233199079
"LOC106589958",0.000632676370573903
"LOC106599140",0.000630143348096514
"murf1",-0.000619906728413971
"pln1",-0.000612242005272354
"ldha",-0.000611672438598154
"LOC106606142",-0.000602344496815203
"LOC106590665",0.000571874808202455
"LOC106603560",0.000570518615875385
"LOC106583943",-0.000568877437979588
"LOC106578618",0.000565745937137935
"LOC106592866",0.000563689154752879
"aifm1",-0.000544057191118509
"LOC100136417",-0.000527375562662894
"slc4a3",-0.000521768128858134
"LOC106571038",0.000521373819433217
"habp2",0.000514601826566215
"hhatlb",0.000513440574198861
"trim101",0.000510897421109085
"ct054",-0.000508396929731757
"LOC106566202",0.000504143847456257
"LOC106571849",-0.000497843457939577
"adipoqa",0.000480958955432972
"LOC106582509",-0.000470559882658567
"LOC106577172",0.000468757108160731
"LOC106565683",0.000466225918932951
"LOC106601383",-0.000462881640574166
"LOC106574926",0.000447928479844775
"LOC100194528",-0.000418542268507103
"nt5c1aa",0.000415861410306145
"hivep2b",-0.000412969957724044
"LOC106594606",-0.000405522735417999
"ky",-0.000399422643143665
"myh7",-0.000369154678859812
"coro6",-0.00035389568547877
"LOC106570049",-0.000349833319377796
"LOC106580775",0.000339792196526887
"LOC106571369",0.000337306323679603
"LOC106566481",-0.00032972984090219
"LOC106577847",-0.000328460696101568
"LOC106607127",-0.000324824605214038
"vgll2b",-0.000321348880028828
"mrpl49",0.000308212993970584
"ano8b",-0.000306410588604118
"LOC106574430",0.000302676459776279
"LOC106602714",0.000301477684164751
"LOC106604272",0.000297866573584382
"LOC106607590",-0.000278969797191577
"phb",0.000275886082597641
"myod1",0.000266838141333522
"LOC106600794",0.000259886104803267
"LOC106590279",0.0002567497321488
"LOC106586628",0.000252419419240289
"LOC106580202",-0.00024389349291692
"LOC123723733",0.000237788941687183
"LOC106591681",0.000232125453832789
"LOC106586133",0.000228707254272289
"slc6a8",0.000221461708073846
"LOC100194673",-0.000208572398938417
"cssa18h4orf54",-0.000204030143174212
"LOC106560604",0.000190097967405359
"LOC106583477",0.000184226813260169
"LOC106575610",-0.000182229896162729
"ppp1cb",0.000178507803614764
"ppp1r27a",0.000170851893772
"catip",0.000168600005601749
"LOC106601188",0.000157838419986292
"LOC106584580",0.000150252052811758
"LOC106597668",0.000129107568563318
"coch",-0.000128098785875629
"LOC123738966",-0.00012241296180068
"LOC106613138",-0.000116830878788402
"LOC106591222",-0.000113541585979625
"LOC106608612",-0.000113480833814762
"LOC106580110",0.000107519361565469
"argi1",0.000106813887939429
"si:ch211-266g18.10",-0.00010594274247668
"LOC123724011",-9.94684872354449e-05
"saa5",9.08691249452972e-05
"LOC106586631",-7.4447889349898e-05
"lamb4",6.98364323440039e-05
"LOC106589708",-5.85527736183335e-05
"LOC106580287",5.4094712415391e-05
"LOC106577504",5.27849236920978e-05
"LOC106582315",-3.27725420296316e-05
"LOC106604954",-3.23932471416492e-05
"LOC106589533",2.89770120331853e-05
"LOC106601311",-2.21652301636732e-05
"LOC106600095",-2.21613718158862e-05
"LOC106579712",-2.02544102120041e-05
"LOC106564593",6.3397250919099e-06
"hspb2",2.65700155220663e-06
