SampleID;Original_name;Regimen;Orden;Empresa;Region;Centro;Temporada;Mediciones;Ano;Organismo;Estado;Primera_Medicion_Innovex;Ultima_Medicion_Innovex;Primera_Fecha_Seleccionada;Ultima_Fecha_Seleccionada;Oxigeno_Promedio;Temperatura_Promedio;Saturacion_Promedio;Salinidad_Promedio
Muestra01_R1;Pool_1_CCGGAACGAA-CATAGTGTAG_L004_R1_001;O;;I;AYSEN;D;V;enero - noviembre;2022;Salmo Salar;I;19-oct-21;;20-12-2021;21-03-2022;7,969131;13,007589;85,938738;20,314656
Muestra01_R2;Pool_1_CCGGAACGAA-CATAGTGTAG_L004_R2_001;O;;I;AYSEN;D;V;enero - noviembre;2022;Salmo Salar;I;19-oct-21;;20-12-2021;21-03-2022;7,969131;13,007589;85,938738;20,314656
Muestra02_R1;Pool_2_AGCAAGACAG-GGATCTTCTT_L004_R1_001;O;;I;AYSEN;D;V;enero - noviembre;2022;Salmo Salar;I;19-oct-21;;20-12-2021;21-03-2022;7,969131;13,007589;85,938738;20,314656
Muestra02_R2;Pool_2_AGCAAGACAG-GGATCTTCTT_L004_R2_001;O;;I;AYSEN;D;V;enero - noviembre;2022;Salmo Salar;I;19-oct-21;;20-12-2021;21-03-2022;7,969131;13,007589;85,938738;20,314656
Muestra03_R1;Pool_3_GGTTGAATCT-ATACACCGTG_L004_R1_001;O;;I;AYSEN;D;V;enero - noviembre;2022;Salmo Salar;I;19-oct-21;;20-12-2021;21-03-2022;7,969131;13,007589;85,938738;20,314656
Muestra03_R2;Pool_3_GGTTGAATCT-ATACACCGTG_L004_R2_001;O;;I;AYSEN;D;V;enero - noviembre;2022;Salmo Salar;I;19-oct-21;;20-12-2021;21-03-2022;7,969131;13,007589;85,938738;20,314656
Muestra04_R1;Pool_13_ACTTAACACC-TGCTATCTAG_L004_R1_001;O;;I;AYSEN;D;O;enero - noviembre;2022;Salmo Salar;I;19-oct-21;;20-03-2022;21-06-2022;7,214326;11,309387;79,017992;28,744067
Muestra04_R2;Pool_13_ACTTAACACC-TGCTATCTAG_L004_R2_001;O;;I;AYSEN;D;O;enero - noviembre;2022;Salmo Salar;I;19-oct-21;;20-03-2022;21-06-2022;7,214326;11,309387;79,017992;28,744067
Muestra05_R1;Pool_14_GCCAAGGAGT-TAAGGTCCAA_L004_R1_001;O;;I;AYSEN;D;O;enero - noviembre;2022;Salmo Salar;I;19-oct-21;;20-03-2022;21-06-2022;7,214326;11,309387;79,017992;28,744067
Muestra05_R2;Pool_14_GCCAAGGAGT-TAAGGTCCAA_L004_R2_001;O;;I;AYSEN;D;O;enero - noviembre;2022;Salmo Salar;I;19-oct-21;;20-03-2022;21-06-2022;7,214326;11,309387;79,017992;28,744067
Muestra06_R1;Pool_15_GCAAGGTTCC-CTGTGCTACA_L004_R1_001;O;;I;AYSEN;D;O;enero - noviembre;2022;Salmo Salar;I;19-oct-21;;20-03-2022;21-06-2022;7,214326;11,309387;79,017992;28,744067
Muestra06_R2;Pool_15_GCAAGGTTCC-CTGTGCTACA_L004_R2_001;O;;I;AYSEN;D;O;enero - noviembre;2022;Salmo Salar;I;19-oct-21;;20-03-2022;21-06-2022;7,214326;11,309387;79,017992;28,744067
Muestra07_R1;Pool_16_ATAGGACACA-AAGACGTCAA_L004_R1_001;O;;I;AYSEN;D;O;enero - noviembre;2022;Salmo Salar;N;19-oct-21;;20-03-2022;21-06-2022;7,214326;11,309387;79,017992;28,744067
Muestra07_R2;Pool_16_ATAGGACACA-AAGACGTCAA_L004_R2_001;O;;I;AYSEN;D;O;enero - noviembre;2022;Salmo Salar;N;19-oct-21;;20-03-2022;21-06-2022;7,214326;11,309387;79,017992;28,744067
Muestra08_R1;Pool_17_GAATGTGTTG-ACGGAGATGG_L004_R1_001;O;;I;AYSEN;D;O;enero - noviembre;2022;Salmo Salar;N;19-oct-21;;20-03-2022;21-06-2022;7,214326;11,309387;79,017992;28,744067
Muestra08_R2;Pool_17_GAATGTGTTG-ACGGAGATGG_L004_R2_001;O;;I;AYSEN;D;O;enero - noviembre;2022;Salmo Salar;N;19-oct-21;;20-03-2022;21-06-2022;7,214326;11,309387;79,017992;28,744067
Muestra09_R1;Pool_18_TGCATGTTAC-TCTCTGTTAG_L004_R1_001;O;;I;AYSEN;D;O;enero - noviembre;2022;Salmo Salar;N;19-oct-21;;20-03-2022;21-06-2022;7,214326;11,309387;79,017992;28,744067
Muestra09_R2;Pool_18_TGCATGTTAC-TCTCTGTTAG_L004_R2_001;O;;I;AYSEN;D;O;enero - noviembre;2022;Salmo Salar;N;19-oct-21;;20-03-2022;21-06-2022;7,214326;11,309387;79,017992;28,744067
Muestra10_R1;Pool16_SK4_5_1_1;O;HN00199191;M;AYSEN;D;P;enero - noviembre;2022;Salmo Salar;I;19-oct-21;;20-09-2022;21-12-2022;8,370972;10,611012;88,799975;26,687062
Muestra10_R2;Pool16_SK4_5_1_2;O;HN00199191;M;AYSEN;D;P;enero - noviembre;2022;Salmo Salar;I;19-oct-21;;20-09-2022;21-12-2022;8,370972;10,611012;88,799975;26,687062
Muestra11_R1;Pool17_SK6_15_1_1;O;HN00199191;M;AYSEN;D;P;enero - noviembre;2022;Salmo Salar;I;19-oct-21;;20-09-2022;21-12-2022;8,370972;10,611012;88,799975;26,687062
Muestra11_R2;Pool17_SK6_15_1_2;O;HN00199191;M;AYSEN;D;P;enero - noviembre;2022;Salmo Salar;I;19-oct-21;;20-09-2022;21-12-2022;8,370972;10,611012;88,799975;26,687062
Muestra12_R1;Pool41_5_1_1;E;HN00197572;M;AYSEN;N;I;abril - noviembre;2022;Salmo Salar;N;16-abr-22;;20-06-2022;21-09-2022;8,314787;8,990354;85,366984;26,840127
Muestra12_R2;Pool41_5_1_2;E;HN00197572;M;AYSEN;N;I;abril - noviembre;2022;Salmo Salar;N;16-abr-22;;20-06-2022;21-09-2022;8,314787;8,990354;85,366984;26,840127
Muestra13_R1;Pool56_10_1_1;E;HN00197572;M;AYSEN;N;I;abril - noviembre;2022;Salmo Salar;N;16-abr-22;;20-06-2022;21-09-2022;8,314787;8,990354;85,366984;26,840127
Muestra13_R2;Pool56_10_1_2;E;HN00197572;M;AYSEN;N;I;abril - noviembre;2022;Salmo Salar;N;16-abr-22;;20-06-2022;21-09-2022;8,314787;8,990354;85,366984;26,840127
Muestra14_R1;Pool71_5_1_1;E;HN00197572;M;AYSEN;E;I;enero - agosto;2022;Salmo Salar;I;23-jul-21;;20-06-2022;21-09-2022;7,715168;8,569775;79,759609;29,362895
Muestra14_R2;Pool71_5_1_2;E;HN00197572;M;AYSEN;E;I;enero - agosto;2022;Salmo Salar;I;23-jul-21;;20-06-2022;21-09-2022;7,715168;8,569775;79,759609;29,362895
Muestra15_R1;Pool86_10_1_1;E;HN00197572;M;AYSEN;E;I;enero - agosto;2022;Salmo Salar;I;23-jul-21;;20-06-2022;21-09-2022;7,715168;8,569775;79,759609;29,362895
Muestra15_R2;Pool86_10_1_2;E;HN00197572;M;AYSEN;E;I;enero - agosto;2022;Salmo Salar;I;23-jul-21;;20-06-2022;21-09-2022;7,715168;8,569775;79,759609;29,362895
Muestra16_R1;Pool102_8_9_1_1;E;HN00197572;M;AYSEN;N;P;abril - noviembre;2022;Salmo Salar;N;16-abr-22;;20-09-2022;21-12-2022;9,203596;9,955478;95,687214;25,590445
Muestra16_R2;Pool102_8_9_1_2;E;HN00197572;M;AYSEN;N;P;abril - noviembre;2022;Salmo Salar;N;16-abr-22;;20-09-2022;21-12-2022;9,203596;9,955478;95,687214;25,590445
Muestra17_R1;Pool184_5_6_15_1_1;O;HN00197572;M;AYSEN;D;P;enero - noviembre;2022;Salmo Salar;I;19-oct-21;;20-09-2022;21-12-2022;8,370972;10,611012;88,799975;26,687062
Muestra17_R2;Pool184_5_6_15_1_2;O;HN00197572;M;AYSEN;D;P;enero - noviembre;2022;Salmo Salar;I;19-oct-21;;20-09-2022;21-12-2022;8,370972;10,611012;88,799975;26,687062
Muestra18_R1;Pool611_15_1_1;E;HN00197572;M;AYSEN;N;I;abril - noviembre;2022;Salmo Salar;N;16-abr-22;;20-06-2022;21-09-2022;8,314787;8,990354;85,366984;26,840127
Muestra18_R2;Pool611_15_1_2;E;HN00197572;M;AYSEN;N;I;abril - noviembre;2022;Salmo Salar;N;16-abr-22;;20-06-2022;21-09-2022;8,314787;8,990354;85,366984;26,840127
Muestra19_R1;Pool911_15_1_1;E;HN00197572;M;AYSEN;E;I;enero - agosto;2022;Salmo Salar;I;23-jul-21;;20-06-2022;21-09-2022;7,715168;8,569775;79,759609;29,362895
Muestra19_R2;Pool911_15_1_2;E;HN00197572;M;AYSEN;E;I;enero - agosto;2022;Salmo Salar;I;23-jul-21;;20-06-2022;21-09-2022;7,715168;8,569775;79,759609;29,362895
Muestra20_R1;Pool1213_15_1_1;E;HN00197572;M;AYSEN;N;P;abril - noviembre;2022;Salmo Salar;N;16-abr-22;;20-09-2022;21-12-2022;9,203596;9,955478;95,687214;25,590445
Muestra20_R2;Pool1213_15_1_2;E;HN00197572;M;AYSEN;N;P;abril - noviembre;2022;Salmo Salar;N;16-abr-22;;20-09-2022;21-12-2022;9,203596;9,955478;95,687214;25,590445
Muestra21_R1;SK_NI_3_2_AACTCGTTAG-ATGAGGCACC_L004_R1_001;O;;I;AYSEN;D;V;enero - noviembre;2022;Salmo Salar;N;19-oct-21;;20-12-2021;21-03-2022;7,969131;13,007589;85,938738;20,314656
Muestra21_R2;SK_NI_3_2_AACTCGTTAG-ATGAGGCACC_L004_R2_001;O;;I;AYSEN;D;V;enero - noviembre;2022;Salmo Salar;N;19-oct-21;;20-12-2021;21-03-2022;7,969131;13,007589;85,938738;20,314656
Muestra22_R1;SK_NI_4_2_TATCCATAGC-GAGGTTGTTA_L004_R1_001;O;;I;AYSEN;D;V;enero - noviembre;2022;Salmo Salar;N;19-oct-21;;20-12-2021;21-03-2022;7,969131;13,007589;85,938738;20,314656
Muestra22_R2;SK_NI_4_2_TATCCATAGC-GAGGTTGTTA_L004_R2_001;O;;I;AYSEN;D;V;enero - noviembre;2022;Salmo Salar;N;19-oct-21;;20-12-2021;21-03-2022;7,969131;13,007589;85,938738;20,314656
Muestra23_R1;SK_NI_8_2_TCACCATACC-TTCTTGCCAA_L004_R1_001;O;;I;AYSEN;D;V;enero - noviembre;2022;Salmo Salar;N;19-oct-21;;20-12-2021;21-03-2022;7,969131;13,007589;85,938738;20,314656
Muestra23_R2;SK_NI_8_2_TCACCATACC-TTCTTGCCAA_L004_R2_001;O;;I;AYSEN;D;V;enero - noviembre;2022;Salmo Salar;N;19-oct-21;;20-12-2021;21-03-2022;7,969131;13,007589;85,938738;20,314656
